RECORD_NUMBER,ACCOUNT_NUMBER,ACCOUNT_TYPE,ACCOUNT_CUSTOMER_ID,ACCOUNT_LIMIT,ACCOUNT_OPEN_DATE,ACCOUNT_BALANCE
1,c63a16671fb96e36bf881610f912dc1361e8fe8374a183ff4d3e30a23bc16bb9,1,1,79100,2001-10-01,c22de33f41b22f91d113871a985247e64a5f898a519335b245a9d8ba0924f131
2,d0dcf675a78dc247b36eddc6ebd57f12e7df08e2fe927019f2e167ba5d3a27f3,2,2,69082,2020-05-11,f6e4bb0c038a4c4dd6be02d9a659bdd461dc936e33d594d98f61c682cf647f51
3,8e7fff3eb4188418e3cf26760a5bded5ac019d4493563756cc00ab83a6c2cf68,1,3,3563,2006-07-05,023849c38925e2af028a2eb4e1dc41afd7dc7a238195c1c2ae00438d1dae00e1
4,b93d89a0b814bba9601f228a10d2f4094530dc2d73b4242e5ba237be0a43c334,1,4,17909,2002-07-20,2dea8d8d4c4577d1ab7253f686cc20b4cd847d33db6216334bd59fe541c7c47a
5,0c84ac27c690a50db0aff139221fcbed90cf8d46c969a98714338fbd2972621d,3,5,27460,2018-06-12,e29afc813de881a46eadc804f6755dc929d192daecedfd7cb639f42a6d3fd00a
6,3925b432d3bc7d0d174d679b9c9e7f2018c0650a2b08e3277a5408df9173e52a,3,6,33292,2014-04-09,d771a4e0cc50ed99bfbb1163005b9d21053e2697b91a77d6c64463e24641dc64
7,bfe815b0687990271e24841b84caae7fae98b214259a5172eef36ef08114db41,3,7,48730,2001-09-08,0ee372d0a0fefa4431a2ece96d93c06f3984e8cb8d2d1c4003549e975413bf3e
8,443148a563064dd4f1d94cb1333eafd2b145ef89e089a2e12a38b7516b744500,1,8,83208,2004-08-03,eda76fe40d0fcfd7dc59a043f1f5a63fdba1fc431800cf54895e5978647418fb
9,d61c9415a7b5c8a1dc58ce105e65c6a1972644b3a71c3f2cb0ce8414273ea0c4,2,9,84292,2003-11-09,4f03d6881b17a734638fe6c3c637d24b3280c7a803ec0d50c65b3e9f334c7369
10,50b94616810968d028f686a07ac1f0b27bc6e7432d34e6af23effc7cc62a6688,1,10,48353,2017-06-11,4fce48585ec2883ff0f3a34f184bc4f27af33bb5f05646f38aee2c391d08034d
11,378054d6a012e717dc6d9d3e4f5c25810894fa68e6ddd3d4735c419005cf966c,3,11,19509,2018-03-10,36ef41214aea44e9c8cd0f26c99a10010d6d08888c1a8aae5641d8fdacf63ee9
12,c0e51007856c759aeb31a2a56a3e98f23677014160c34d6069581058857ff125,3,12,27697,2003-01-22,2d92cc08f22524dba59f6a7e340f132a9da0ce9573cca968eb8e3752ef17a963
13,9d628c0abcb9190561f8ae0228ae6cf000253eb3a06bc3412c38bd7e85855fef,3,13,3937,2003-03-16,a7f0b84de7a450eaf6ffab449cb0f141b69eb701ffb455f375c3dae4277b25c1
14,fcd69af2a7aea4c970bccc2750259ff7c9b680fe5cd59ad6a5017031891d49bc,1,14,32474,2017-02-08,af736fc76e2c8c835b91455881c8916b09eae8e11a8a86e0ebf5f11ded920b11
15,45b09a4bddd4e789860a029d1d434adf0cd45833b8ee9b47110b9a53c3594dfe,1,15,70124,2014-06-22,f9cd07ab404784867227e958c5ce8986361e5896dd6adf7d1d96c5f329c80bb5
16,af1972b6e5cfe69ff7237885b0362cc38a5f972a75f22df7c832fe217a2fe9b4,3,16,99434,2003-05-29,0790b222c4ffe3c4251c6c5f0a12ee26fa7dfe6f3d5f2241c220b3fbfaa5fb72
17,f620c84df6ab8049f52a3d6eea11025a3605fa3e70ea90e0527b80e278f1898f,3,17,18244,2017-04-20,4ad6a246a2834e522d110e17b99d09b28492a48dc628b138d94e381d18c89890
18,2d9fce75a00f5c60f3ce126d159b481af73e9b4352e81b5d1ca62d7cf3b52183,1,18,60024,2013-11-02,2f2f2fa8e84e32fd2827e2d51ca2e67ff19f9d32739c80a81a92be7f6bd0f341
19,2ea0bea3fc8b612387476ac2ccf8a1fc2d4f4c236b128e8cd0012ee34a838a67,2,19,46113,2017-08-01,c573962ab9b06f9f8fd2f5f50446e8d31ecad5cf19e0ea53c582c647ef024312
20,10125525d0d7349926e53f2814ea08b92d251efed9f7222f68945cec6ea49dbe,3,20,18030,2002-09-04,c1a11296c22d7fadc6c0dc914b2d6b0e87357cefe5a8d01fb6713e840290b2f2
21,602e479ab130c8a11f00fa41943c6c05ad00c0a9650e9bc4339f8df5877a0def,1,21,37776,2002-05-13,6b778bd9ef0769c765c4721dc7d3c92837dc019271d9e54c1719ed7f7d00026e
22,541643bc7658a8afc1e53c7fd12aadc9abd819508f4d366a13f6f2b6db577d45,1,22,70195,2016-07-20,b92cde4fd147a13e7a97b3940515f6f4838119624ee89860a5bc036f73c6a73f
23,b490bdcc21b040874245fc3b2afa9624890adc8e7cfb1fb1d8d5573eb1ace0de,3,23,90927,2001-11-20,c03dbcd157eaa322312b9e8ad193f84a8b74daa30a7047a0662b60c34c9f3662
24,5986d89a720fbb688b1b03b5e835ed819e6225afe03acf080feba5d09dd59f0d,2,24,85887,2017-08-21,8df5880ef4c871dc87d9cdef1df22ffe3c976cf5e9b3d8a16fbc314d008dbf28
25,a09064a7bbd6aa61b4089d06127e150fd5a01faba0996c1467dec9f8e6b07fb6,3,25,26605,2004-03-17,8d02a62fc7758d8cd4f7e8942c04bf2aa09fbf66e3cf713a6ee605bd1ee1c652
26,a24bb694cfd7d4faa5a54eecbcf61a5d00878acb3b888b095e7b28bc8d64b98e,2,26,31064,2004-12-15,44b3b570af8632106861745adeba85c762cfe1b44a638c70fee913bfebe088a6
27,a21f997c60821b7b07c3023d1cb973aa2e28db16845a68ad4f639983b303f2b7,1,27,12971,2007-10-03,0c1c43111448b131d65b3b380041de26f2edd6264ee1c371184f54d26ab53365
28,5c43bd43864e89f9e3670567edd23e25d298cfd8afcfc9afe2f6c36fcdf874b3,3,28,25021,2010-11-25,09e2a24866a292c6466ed8689200d074b101122344b00b3c1a5fcf91668d8987
29,ae21b6e3715343a160ed92d817a8253c27e1198c69a8b5fc2c3a32fe81320b9d,1,29,17675,2016-12-16,8293ec6079f758a8ccfc7b47ae6bdbcdcba38d735c1086d51f03e70a03f742b8
30,e386ea8d5285860adfb8324c5aedad104c92c7fc47d867f0f926490671b50f1b,3,30,96021,2012-08-04,6521e20d9c2781ef09fc04ec012746f6e5efc5b22e0a3f9e1d07ef79bc86d569
31,1540b55df4d68f37acdd1e3d18eab4957078389e7057ecc10a4e685ec8d8b3a9,2,31,15747,2022-10-28,afd679cd3f9a81fd9ce02e6434a24f848937f09909fabcc3b3781e06036e284c
32,a872bb9c48fbc77172a8d7c9a45969c0eec87111588cd2091f6d14a6f1634245,1,32,1144,2002-10-11,b471aeea26820f379ea5ca12029f2788ef4eee3f833e6633e5dd4bccda9e0d3f
33,354b00a45fe0e35fae0fab3f5cf1befc3126a483a2da5f11770a623e26eaec77,1,33,6577,2016-07-29,320c5542a26878f0b6020da0cc8556d8d2abc09b83ec88255bd51cf96ae8669a
34,b5f45c5ee419d9e73eae4d6f7fdce96ef71e5b62975f01fe1896f64d4e438b05,2,34,52813,2013-07-19,99c03a69af854ef58e89f36cc39b0faa2cd5859167353aaca4c863bc4c4b1a78
35,f0430ded88dae01a4c0bba03784e1bc2d9e7ff1d0dda98edcda1455f32027ad3,2,35,64496,2000-08-12,deb022ea66a3750044c3bfa0794c9d2c7a2e652b0b231baf473e3b82e8d9725d
36,2d568e1147883eb2150db49a9d8f986c3ebfe28c9b60758c46eb313b8bf9e915,3,36,28180,2014-12-19,ed7f9c05bbc920cc725d9312a9760e7b2ac5d216e82a0c039a706db328df932c
37,f0b0377c2d93ebfab033147c58de841632681c2211f811fdfdc20ab827a9fc81,2,37,51151,2007-08-22,674ae383f50d444b2b0790ed18423bb25d887b50a3ff455d332833c95e2a88e4
38,72ea56abec78cebb33aba57f4c15ad66e1cca4802895e4cad96fa606a3843d6a,2,38,76046,2008-12-22,96a5d47da1fb11b66fb85347896532ff1ae0795f9aa5714bcfb58615583a5e5b
39,4374f35641a6087385c266823b5d79e9f430c0f7281a0b82de41e6d2e0b51618,2,39,61095,2021-12-25,90969838c5f5af907873c03314bd7ebf064004bb59d49b6ed53b620149062490
40,e88e4dfe1882db860de157baa02761b2c50ecde4341d940430df639e7931b6bc,3,40,4716,2018-04-22,85ea151b8c5b5ab0d3349100e441bd4b8dc20740d429c16c3b85b77066386e75
41,77d26e65f38e5699a1aff626a6d131d51561013ef42dfbfca22f17a9fdb95702,1,41,17148,2001-10-05,ab8f265cc2a5c9927fb31cb63fc51393de53b77053dfaffa9dc01da8ea100f93
42,5f0e0e865a4e04f3129c9ae06ef73b7e789daedfb27811c52cbaf8fb67502a9b,3,42,98189,2009-05-07,47e45eb4ea84f2a68d37050c2eb00e93ecdfa9d4b332c45a76c370a0c2cd38c8
43,7aa9e28662731726784edd9c56848086feebb03415244b5e2fa2dace5d974127,2,43,58231,2018-09-24,6fd17db7943ea6ed4569e5272090892c9e84190433de7ce786c279f0ae01f8d7
44,9bae2fb9853f6c2984612a5fb4384a3aae716d64f3fc0fb79d185f471f3f7027,1,44,34445,2019-11-23,a0a626252c418ba7a395dc96794afe179abfa51a9f07dd9bc5fcb47c1bce3e80
45,1354b7b27513ddfde68e19c1a7b448bac5b50384481dbf5d7025cd030d01c9ab,2,45,81260,2007-11-08,b9fbba20bf0d5c75c017ce9526ec2b929cdf556f0ea03ab2ed9983eb6f5c9dee
46,942fce3a2e249fbac41943c0432ca939fe7c1659b0e94722ff63ea3d15b05502,3,46,36627,2000-02-28,f723386d3487b4a2dab0c775fb5dc403460417fba98906052c345fd1029433e5
47,692106890a5a0879ef439ceb19c0572b12045b09a6f07926e09883d58cdb979c,1,47,76325,2016-04-22,44d0ea7cc179d163a0aca5cc9b4a7fd591f05ef8bf2fed14bd4f8714f3e94411
48,98d1f39eb0c52a7034a6526be4774d794c7e7703fa7eb436779570ae99e37c7c,2,48,80165,2002-08-09,075a94e4d81041bf9bc9385553c461adee4c8eeff3fcdf9262d755b322a5d2ef
49,150c12d2446caea08715b975c4a2280ef80a65ac39e6627c49ff494f98fe6fcc,3,49,59951,2009-11-25,2aa038a6ad445de621d69098e0eb880206a581f5c23535497f5b848af8618141
50,7cb4e97ff69a256850a3fa22b5bb38fe36f159caaf17caa700e985115480cc6c,1,50,93412,2015-12-25,2a695f0703e0f03dd1df1a576a596aadf45c1300c5d81491588ecbbd9c1bdb38
51,79d49f09f6fe2c538cf99c02e4500f0dcde88f7de1ecc8ca87aacd39f0ab997b,3,51,5144,2002-08-28,3e34b5dc434bcf3186f089d362691cfac1b17231601f2f402dc79015be878d83
52,07c39f9d3c8b9ae12361d75db54b388e2432ee984f16afb7574337df7f1d9e7b,2,52,99578,2018-02-05,a173397bbe0f0c8d1e07a17d525cc37683022beabbe76fa04322778f6d661aca
53,cb1c3da3d91483bc393661c5cafc8b9b605e0680d0f7e8b5576bd175cae26aa9,3,53,46457,2011-01-27,157abfccf45aaa7fe19e241e32047e135e3d6c09f6928013266e52416ce522f8
54,084c07cf88e2a7145c1c16313489e44dc4cba109632aa2479a3a26a58d4a22d0,1,54,27443,2012-05-12,88e281c34b27bf2fd189b3f0a94fe87228b039667123e5f1b391079dc456c9d5
55,006623c4b5060e85f53107b8f1a1d144c31e9246556d19ff351dcd9dff3e6c16,1,55,53159,2016-07-22,7e0f21a92cb5538c3572847f018f090c76873949170c316955cbc41b32f7af67
56,9d3199e165128f4b5e34b0d2c0e7b53289d3defdd7289e5a1b4948e9846607a5,3,56,18209,2005-08-25,de8736cc048486e16dcd174d8f5f0bc3e19aa4f0b0c26a19572b4cfafa5b31ca
57,8a1742dc9bcd97e397de7330922469b5db5fdad7e65a38fbb81bd724621f48cf,1,57,19959,2001-05-23,59a46b111fe459b58a170f4f0acdbd945c9fb1db5d71d6f1c38f3765c32a6225
58,64f44225d924e65f481314dca9504cb0c5cbf5ea94fb60104cd1001c7e921ca3,2,58,35169,2008-03-17,e74129ca8b190ace5cee6168f1d85d153f9c5a0fcfc06893e6dd0d145029256e
59,8781639ebd6ef57d0403e0872ac91b0839bd654d1a280c4c146befdc0f80f942,1,59,2699,2021-08-18,5d7ff90d7dbc5fd2aa0b78f6b51cae900c44ac3159e88ff08320a28ce991b70d
60,dabf163862f1f49fdffc6a78f840d077bb67d09a45abf4695dfdfb2da247f6b9,1,60,75187,2021-10-23,debdb4478191240cd9b11de0f97a1072597a8d72bee4ab8eae7e2ffb9d440337
61,4bd89915c232ca9a291a93bc22e52c0026e7b735ff41ef0db55987af98905d13,1,61,66283,2007-08-17,b96bf0fc739c6512d63b467db382b91393a5d3fa51e9c4021d02df757bf7a34e
62,aacd513c764ee38da5df6bf89b8d9ebac4c7e3040e25d1e13a8ea37c132c12b1,1,62,87220,2013-10-09,80e87ef17bbbf90cd71a47565575e270c149460de5924ade3094901da0f00f34
63,0da6ddaaea3edef7c4bfc866b5ae56c01911e28c1cc1f8465b70dba6ce5a5d5d,2,63,81715,2019-10-16,d111345e9ce285f78e87084dda94c912d310a9b1fe3eea7dfedb539982e24dbf
64,1cd9dc335a4e589c36acfb5de9acd8264a6c42acdbab069a642715732b1bbc80,1,64,67725,2014-04-06,90cada10fe6b8e2b8031b354e2a7aca40fdf4431f18511c04433d26726414880
65,366e4e03eed9b2d10c35a9c18d06d9e1be65f145543caee3814d391bd6e922d6,1,65,18921,2019-04-06,016562d2d357325c642f6a5961d7d242a47dd7dd30ccf0e59d578246488272af
66,5e8237bbce1d15130e29fa9c55a0c87e1dba5093ca1e097bce1477195edfbe47,2,66,66218,2011-05-31,90b1983dfece2174cc4c47c9e6e616169e0222000c1d1212920530101246a996
67,5f2421ec77a2d86c7506df72c5fde4d9796f61e900b274ae064980d7f38dfceb,1,67,80579,2022-10-18,85dde1e506a723d4b48b27f25885a513c3901909a9c491472aebf62aa147113e
68,735ce21d13a0fff5eaa8b7c78c93ec01b19c2c1c337bd23d18103e635b5f076f,2,68,36280,2015-02-05,75a5b561afbe40ba62381760cf1f3acc83e95bb8d13ec59436bf2a3ab7bb1437
69,fad37c1e12a946652e154580a7d440a2aac7ea4dc0fe0632a511598022a6acf5,2,69,46168,2020-06-27,a987ca4743e828b160ff204b11650b152e2f614fc3ffada32fb13884f03548fc
70,b55114fe10b7128c19c0f1f103bc1ddbb7e148acfa86cf2929c5dc350a23daad,1,70,29534,2000-08-13,b346a1b3ea9188978a5ae72f38f1eafefe2939fe7afa3cad1fa8e38e2c2c56b9
71,a9c779883596d1553b82694534fc2117b05ac90ffd058b2782bb136b5169394b,1,71,46197,2022-05-27,d8ed0b6368d91169030524bdfd199b30dc61dda8a88a19cf366d3c6c389c06a1
72,f97a14de3539f05e77243ea936870212beb02308f5ced495c95d9e49bdfdb272,2,72,75162,2004-03-03,2ccdcfa24e71d858a6b7ccb8cabaafe0725bbb6b4fc10f2c001035a15541544c
73,310bd8fca44f5ac225b8842450205b4b4caadcd377631f49311e9442ec268e0f,1,73,77166,2021-09-02,b1c92bf6fb924d35a3395bd9662353ed20a664c278a7cc2086671f5fc331267c
74,da0456878197f03beed3230d48526b161f57529a6fa023df1966dcd97df39542,2,74,69163,2004-01-24,3ceddacb96f999bcd01f59f45d6970089b579d12afc75440df9fce1d5b9f8009
75,63f3b4b606de84f4f5891afce7388e224a1e8c382baccf24504ffae0ba367d32,3,75,75633,2013-10-18,0d1d30a78653c5a05dd615a454ddebda706f742190ee35d6be9cd322669b7a8e
76,ee852b845c30b8d2852fd34d883496a79144e51e3e4369f118056e3b97b48f51,2,76,91934,2011-11-09,ce049c10f112e996ad29022ef8ea603b7aece08d3c016e38fc3419287b2affcf
77,8cffbb71d4e3a467ccd40cb85e37b746af259e2c0e1ad0d0416dca714bb96701,3,77,43203,2008-05-28,c403741c4121989ac12c0829be88b8bec6f27b270f3cf8a7be3fe72cba473897
78,7df19d799112f15433f6da56126657af4e5304b1e64cdec76e7b2c9f5bced582,2,78,80419,2006-02-25,6a12e2114a4de821c82bc487912c1bab450dff9425dcab2e1e668fb0e7859881
79,46a1d20b995966b1e4b2b3c51a06a66ceb0652b6788bd30052f0b871b38b134f,3,79,75815,2006-07-20,af1b4ceb0da8dbd31e107af811de3965b3dd6096e48b968df5dc80faa114fda0
80,7017c68111ba121251f733b07dc895b761ca562226e7f913f440debe148a7653,2,80,80714,2020-11-05,daca3ec150a1cafeec5a2f6f8c22b6aeb26879cb857a7d7c8991a6c4327afe77
81,658d9ae5fea4b1656a6b2fe1252371beade7388c5d67ee73ce936e9ea78d6a0a,2,81,90391,2011-03-06,9aeb14bab4cc009481a34a64781c64f6ae3fa6590ada428313298c9ea92333cf
82,72df6cf7f58a9eb3cf45facd2a53bc359dba2ab75708679a85a8224e39b25928,2,82,53536,2020-08-04,92d2a22b3e45224d2a5bf2dc4744098158a44259afdca049c04a2a0631e9324e
83,ab0caff843494496f2655071349dfc8e37f96ba4c8b63ae614ecaeb2b343e009,2,83,20676,2019-02-28,efbf8cbd41f2f5f347f4e356653a80aa3dc33f4b94b994fe3290e206f36ff9e5
84,fd344ab62cfa9110a5460f87c3abcd6afc2eeae15f483ca38c3c716c146171ba,1,84,26933,2014-03-04,8042a3b82f91957d255e20d890593166b3223b3b641afe1d8d01a3547358859e
85,4e2098664d1d764fc567ea150ee72aa072f4695e1a39c45d6da8c015eb151098,3,85,52522,2021-01-25,f95764639179d2ed5e234f1fa813217978747a80b76935e101fbe75e78b8d19c
86,bf89872753f0f9c287034413af10763585cb04ee2e339b4126615155cc6fbe24,1,86,46224,2001-02-13,d55e6ae4f33d110c279a5754cc9f7a3e766121ddce856d785a995f7d5dce4a0d
87,3a7c372468d6e905c63ea10900554e7d8c8fa8cac10bce3989190203b987ee4a,3,87,20359,2002-02-12,89418c8b7715d400053fb87ad1148444ef2eaa372454c8d825b988877f7303ec
88,37821479cc813784c52fe75070ecee5fc1eee9cefbfd89103c59787c7a702e97,2,88,81151,2007-04-25,fa98f857d51c38c2148c04458dcaacf0271429929c22c715c5e055e8897a56bd
89,b1da239236f096214d308b81c85e16a2e71545d8521de267aafb0bf2c6c7535d,3,89,62968,2020-05-01,d2a68373c3a2b70a57beb0f3a624da859901202622fa4714e223cd19f7c41220
90,594ed4e829cd074887ce4e0a9e0aef0520d4d0fa09b2e6492fcf759278bea9ca,1,90,11820,2021-08-06,40fb7164e459a38813f304e3b45db2b074be149818924e46fdc49cc38a3e4955
91,b1d340d6197d34df8f6079efec0805b7d4686b4272c679e64f707a9cc72736b1,1,91,87778,2006-05-11,9895f6b5ab8aca18fb004e192636b6aac2dfee3367df65a5e03fa45acb0abc07
92,17d7394f801e751202a7980e3d7d1f0e6c1ff7e81e079e395bf4c6ab0889f5a4,1,92,91391,2003-09-01,6f9ab07b816cbf51cffbdb9fc82e0725baab4de2a6c0cc59df6061ae033dac0a
93,6cdb4a848e9fcce55839e4e0b55604633e81ca66b97d92c31be6f935758cc3ac,3,93,11682,2002-10-13,2c4d96b4370d9cb852954bd79a8c90fc53b691dfee5981b5be1941d3a7df05c5
94,dda8f352d04768790da556218af4af99e6300e2341bd7589857860fa5553c8f0,3,94,32698,2001-06-22,5a5dd9d635c88ba1a9dc14918586c7fd40b476d3ebc95085eb9e9aee9158a08a
95,4d23ee5bf7ffef2abd70071f77f6820cb75ecda818cb10d7a6214d4479f05ae8,2,95,6710,2002-05-27,80082211411078acc456c746c2ca7b2325c7d2bf37fe8b725d5b2b20aab4856f
96,d892b622f74f95c4931bd7cb8fc0617a126474688db692844639b2d0754fed96,2,96,12127,2003-11-11,de650d61f5bd166a91f8ccec3158297db18b9d50eaedca238cd29dc3a214a916
97,49387cb866df37313fbe1f8e815a671d88f06bef8725eb78bc92c10b1046e099,2,97,6925,2015-07-23,2069cb46d38f7b2025c26c9b4779c09796b28e7646205994bca08d00ce0a349f
98,c5ffef1863499e32d1f005b8c7b6b37c92ee5b1dec0aeda718361e41e4f9eb3b,1,98,84227,2003-02-27,ec990f4f5504b3f027d534e7c038c6afb8567a6b6787e17d60f46edcbe66977a
99,8ac5572983a2b38ef636712796996f652c0f82e07beff84d4d1f63de8ca6237f,2,99,12105,2010-09-14,607081ed5b09827c2441646e9a099a3cb71056bd78963086a84432d11ca050cf
100,2c87ae942b3c9ff9e9ac50820651941f6304932e86626effdb58c097d0c7afd3,1,100,62314,2010-11-08,d57c0d96e81cdd4aeb31e8292f33edf435294f1570a047c4fa74745971b1076f
101,a71fa88f08bcdb8cf6bf55793bfdcff247d4fd83fa71a18091ca8a752769903a,3,101,79331,2003-09-22,5b80a8cbbdd1a2a491160bc4f54771e74ad79a9b2874140bd3f04e138e75de5c
102,b6d99ba5ecac1d1da8fd5ac7732e0f208b91fe1649404d1750b788313eed12a0,3,102,43540,2003-04-22,82147211de4c4b846e2cf7a2edac668990dff673d07bebcb2c9eae6aeb2c5963
103,bbd276e7af6de0cde521e319b006ab4cb91aa1919fd367a3c6b5a77542dbecea,3,103,22765,2022-11-21,db9bdd904326faf92d0d1f209871b6a2e385c4babf07e85cb4892816cabfc0eb
104,1a3833e0074916d95a4125f735a248487b3f261869cebdf226e28e7151e5fac0,2,104,41392,2015-02-27,cd481914f49a61141aae9eff4003abc93ba8ce868349d795bc16ea940fb06dfa
105,991b6c2ec360a42f0c0f67928e10a32dffcb06462df1670239287d58d89d7332,2,105,35748,2012-12-03,1e3803e3f3e1f286d8945c5e052b8f7a6e304416fe2d3e5f7be0dafed8a0ecf7
106,004ca2eaaad96b6eec51ea681178647918b2289a1fef698aa62051b20d58fb18,2,106,25010,2003-10-06,24d884a9e09adde4f514f5a943fab24526fea745b2b8c8ef2581f405a1e648a9
107,30669c3eb2a83394775c8ba81863364e9a6943fc3d987fc2c3000925093d6146,1,107,85416,2011-01-01,94c3ee5ccc8e32b712b9fd7be36064956c9fe6f1da410f370e4449fe4e4d838f
108,7b0483a16c5ae24d6ed434c575281aeb7f9c4d0af60535e692bab493b7cf7456,3,108,34490,2004-08-08,5c29bb6d691728a1addd3820fd92b05748447525b8ba9518852512789ab7e7ab
109,3677ddd654b19bdc6b56787e4f3728aafa542b043f0823c3b2de311fe7676de8,2,109,14111,2009-03-24,5876cdb8b0da289abd3a6b9ade3a8eac64ca4ad3585949d56a49a8dd6a2997b9
110,08aa86d15d45e8a5ff6f7dfadbbba2469b5915e71aad2af1fa3af7961db834fe,3,110,72118,2000-06-12,ea016e24c97d9cdd3e7f06fee5e0f3b8d5ac1959146798b7a93ab6f5877ac58b
111,46d3dd49058a62588f8dc303fd490f8f1a97fcfca1498498bb2e0d2048a05f17,3,111,50416,2022-01-02,276f4e7e9013d9aa75f288b9b77cae7dd931e8642d1a49f2d161899c3d06d826
112,19099dd59494c9f096f28adefe86b9822330f421cc13387ae98c8559b4adb3d2,3,112,96180,2020-04-05,2fdf08aa44660dd8332131f0cc46ab9df025304ac750724d63964fa32d1d2db4
113,7158526efe1158f97fb89cfd360dc2ca0b89c53aea32464e7e54b1771d318d85,3,113,97483,2011-09-09,d54d177848361a8ee9415d000a3002818e58e33d661325a567a57b56b000d0ba
114,e5f27c6bd11859a2c86b7beb4b971646ee83bbc853c14207256020fe8b1e9edf,3,114,16477,2002-06-01,71af0fdd2e7f62c1c351432a69fdf8f6579e9dce0c12c2b3af90f964540bdb83
115,ee8c514955a08c71ff9859a2c4b73acbc2f2fda83ec46b15ec6c85ff129c151b,1,115,78327,2012-04-28,a70843e25a8c1968a8d85fb4e4da1cd94519502517fcf694db57cdd078d27ed1
116,5daaec7ffe3c7fae4ee4f17541deebe6ea05f865e5c5566383d67ba8ba973999,3,116,18348,2011-07-02,685090b2f8ece990836ce5fbb6636c0d8ba1d9678e5762c5375e3a0fddecf087
117,b434afb71c4be1668626f3da544b70623e62b07b11b680575e90d98e1f33cd38,3,117,21716,2015-11-23,1cdc9c0e295a35a3dad37c64e3328c64c947daa0f05bce85c35c9aa49002571c
118,c2289fe62bf69b296136d899220342c122e7d12208a69a5fcfedaa1ae75c3fdd,1,118,92894,2001-07-07,363678153fa538f4605d2d5855c6fc50d19ddf3ff0d235ce9b23601ce5507940
119,b20060f3b35316db006d21c2254dcba0475dbe988ca85043e29581e5f3141936,3,119,17582,2023-02-25,b5d9c3c05080d2c97d0e1262a6f9403e86ea279673505a53c7f8bfb574275df4
120,44e76cdd56040460e6cba23d6deaac7de9c6f36b41acf767dad88ebff035b6c3,1,120,49868,2005-03-05,578017a51f0e486259de0e5fba58afa698fc7261beef8f294391a5a14e617b3f
121,82299118c349e063e109f255221beeb0e41c2cd5a73fa5b7acc78e23005ede63,3,121,28318,2001-06-25,980da124d80c8d9bd4ea75628c6307c2a08fd4ffb71082df6f6b13e9957463e3
122,a450e5fa474ac20fd7d80dded264c364d9cd842c9fd8630f1f1348818bc95724,1,122,8938,2002-03-11,33c64aa73045b193fe39bdd2426822b06035a0c5af8c7b278982ed55ef0e7ffd
123,f3c7ae3639e76a5c7c8d7e9487f386c234b75cf57255008b611c59d4815cd564,2,123,89443,2005-10-12,777a6c99a5c3940e82f2c2f2241c1a4b09198cb31b389ff21ccd24f700ee6278
124,7489debde299ac8e7be9b03ffcbda382d4ff97953672dee3025e119ddaa106f2,2,124,42715,2003-06-03,978062c4eee8c65c8e99053b40d124709b12082bf0dd1c24ce919119a9e5ce71
125,a116bedce526fa99c04860eb76f5aa2c3d3c7e6dd9b8c7f71467eb61cf8fdd30,2,125,51107,2018-05-31,f8e2074a784db591526bb48b42b1729bf955e3b82a1ecb19399e7d3672348915
126,24f10513aeca788e0a692e63fa3363d78b8bff6672c9728c81a4c32f2bcd5b32,1,126,73031,2013-01-12,38e4d69a858128b59f4f3243b43efea4a26093765492b9b822521fa08c8d89a1
127,395ba912fbe1e89d39279ca78df7e2b57451433347f3f23a6a8e6636714a8926,2,127,49167,2007-01-05,8f3a310305e6ef3688b323b224caf5aacc0ec66c7a0a698b0d8a302d2f9f65c7
128,d84fefaca1d1937683d9a24e9b99d9a5a385ac7a039b07513d0ed2084d3bc04c,3,128,89873,2019-08-14,d6ea9cd95a299a751ff3d81732514d469fe0ab02b632002665e5118f0683aab0
129,ebc959c9614f993bf6667963e548c3dd51c38d0a6519950089575f5832213d9e,3,129,90071,2020-10-29,0012b8ac34c165fa15e81c4eb1a0fd7c6b1c5a8bd3b9de618a8f902b5f3985b8
130,b799c4de3b9ba463d699bd8f3d1f7509efb612bcbd9303209778a5029b75a0c3,1,130,63541,2004-03-23,603b719e6471994bdf33806120a875c35f2e50eca461afc38d3349744fed1523
131,562abae806f7af7fb5679f60fa1e135c6822018ef110b7ddbbde2158ce05c263,1,131,20584,2006-09-11,5b019d2e7d2dbc1545b983eecb57c3cdbd62aea259d24476c6a6c5b4d747497d
132,423359871ced7b754d0dcd9a57ec068c8ac973d2b701b794accd10b22eb85582,3,132,68835,2018-08-05,4de75f76a1c415f8d29ad71432af4ba35e8b4b158c640258c31f87c6cefab6cb
133,7ddbbf98f62cd8b64dc7d77c7194c0667dc03cf91a6fc2c1d741e61a5389a681,3,133,22189,2001-01-21,1f6909d0ba546f3291d3a8ffa1107868d370ade6c3df0393c4b944e3437291f0
134,c28d7df4cafdc5fb22a0a650080776984d16087cb0b8d286c73171553a58087b,2,134,75034,2014-06-24,7c548489455533b1c1022f6e3d8fda4272813b5f24b845f49d9fbb7bb1d82e11
135,299e2d2699a276e21ebb3a461c83f7bccac28d0bd300727581388d5803eba28b,2,135,65223,2001-04-14,e9ef91d2836a3d6a880c71604dda2bc5cf97836539864ee1a7da3221c3843df7
136,89a7a48c84d42029df5e2f0507064a36f15d09622f705e9a3c07962f92e55266,2,136,8700,2002-01-25,263b20fc4cb4953c1f7b26dc567ee05850812b5ee6ee9b796c61399319fd5326
137,04a8e756f821c9de5cc29d2f6d7b846f499b7b685463c44810b53cdc18fbf643,3,137,50948,2019-09-28,ec71aad80d031c1d7f4c9fcb61babb04fd3cb67266d33b2ad4dcdef23a31abf9
138,dcfc10ab20626c9ae524991f730cf28fc4123e44329f19fc4c777e6a7c8b68e7,3,138,52659,2005-02-17,29551683ba9b772adaf14a5127d7d78be2cde82dbbb678c2aa641a14e46f7e24
139,8c4ef4fa7b9322fd8caf593d885fe3d440e84d6ec7b7b309063c0553f808a6ed,1,139,92675,2001-02-12,0a09864005e25763baec32830debf67ada0488fe67cb01b07c548ae09c17e7d6
140,cdae3e53c5c7b19b821beb841d5e68545d99fc4032ff004138c0952bb7000fc8,3,140,19086,2001-12-30,1625f9db144171f78dc64afa00f5f5065f176d05eb8f9dcb11f6c8cd3624aaa6
141,3943023846fd5a032abd3f3bdca3bbfd0bdf5953676346fde0f9dea7081fab06,2,141,15674,2012-10-11,2f30d8e2f2c911f141566b3d4d4bd74aff9753856591af69991daa6ec66d7c2e
142,00beb6036042b276d4fe0c1089e6f04396f3267a7944fc232c326dace31ee175,2,142,89182,2005-10-09,d99ed11fcfdcdb1467db941de53593c227182af33a0079ec5a8a061b4b81d5e8
143,3ffdb5091ae7bc59f1ca8f1a74e0be826651ccc273d2720916e0a81a650bb624,1,143,76956,2015-05-28,cb329c5b0061bf88ba8f5dd53317fa09d5e78fc82301594b4e3fef37177b8d51
144,76cf8a45ecf476fe9d57d20b5daaf5a60b158668c296a1b12fab0da4aabb1eeb,1,144,85851,2008-08-20,8c8140a6c78f61e6d88b7bb76ef73a4c79babdbb06b0336d509a0b7022eb6a90
145,7624240a3863dff5644319e6d02bb74aad306eec6341787ce5d4d4e0d372fba4,2,145,31696,2008-03-30,b6e039438d20ed928c381547b3b3ed1afc289f098260e97d70ed49a97260ed59
146,9a0895f1b1f486f4266ff20c2b61bdcdea89d8d57b20615937186885f9f3b12e,2,146,35615,2019-04-23,078c16a1e55e9b1ed90cd19c62903717caefe809f973914b68a3f329a8937dfe
147,353e97632f69120e1d0975ac6e673456e6cd6e49f71b5424bf3feb23c86808b0,2,147,44381,2010-03-22,8e1ae7310cd37dbd45dc46f18e549278235390bbd64eab3c0ad7f1888b327924
148,c83b6afe121b64615f19f2c5bf7a9f2302f2455e027fdfb61cc4874900cb071e,3,148,94178,2017-06-20,5c0fd0271d240de7aa967a47326e5ddee3ba11794bda773b61902bcd1928f3df
149,d5e76b5f9742d748cb0f81db5cc2fd0d1eada2e01ae27df0ebaeccb5de1d9a97,1,149,7475,2010-10-25,173deaaf2f52bf79f028106fdbb995142cd7d77fc8b15cfa2a82d93c13f76f3c
150,3c43010bc9845965730bcbee5474d50a1a4d7c3b9871822523fbdbdf23c82b7e,3,150,42548,2008-11-30,d7586bb7de545d1f5a5c2329bcedbf6794329cf2c43c52d57acf93d63e7e5fa0
151,3baa397b84f22df40ba74f9c36498c6b5726d041bc60e2cfb053b8719889c1ad,3,151,54090,2017-08-30,f3afef4ce1e372d3ce4008ca06af867053ea945086f4bdff4d575acf4ea62c22
152,5ffb5b0690809defc81cb8d82cab76b4669fe7947f7397a588dfb3738ced94e4,3,152,18438,2008-07-10,085bcb597bbd610a7f0f955301d0fe3734b92a7144e87f68e8b5beec1a09b55b
153,bd22b23b43ab3eb9becf4afdfebd7acda8b68956a5e36864a22a3ae70b43faf1,3,153,93659,2020-05-10,62471a0a269eb2d59579ea634498adbc85ee16f44432816923786797bcd0ac03
154,324ea1ae6321a07166701dc357cb4f819c2f5aebb149c19b929ea8cb9ea44472,2,154,88988,2009-01-16,af60e2a73013472f04a841e42c4bc07691dd621fc1a3831956661716c0d390fe
155,a55093d545bfd137353435c25f01cb603c4bdfee80408be3d914780bcf882c9a,2,155,5847,2007-03-02,193dfde4a2d3ab02809d40b12e35ccf5b95aefb6526e2f195a49fe2c7f365a55
156,80458e5b3fd8d45a85c101c47bcedc1b6af852721d74cc6ca07576f037c9d00f,3,156,43658,2015-04-29,f63af5a0e205655b44fc30aff675215c75c214582f5a849c55049f854d58d447
157,8a03b223aea97d4c74ce133e299d6046228f19692a5bffb10d42a18ff8526a03,1,157,64456,2021-04-20,9bbf7a2c2940b4c95ea485f65a8731a1372aee56edca6ed31e66e7eb0f47e28b
158,59ef05b0a234122b7702766fe1c996ba501e567dbabb131b6ed5806feddd2eb7,1,158,4075,2005-11-09,3635a91e3da857f7847f68185a116a5260d2593f3913f6b1b66cc2d75b0d6ec0
159,fb358567d9825d7a90176c8b1d5ce1951ea9908c14c37fba97f898f7ddc68173,2,159,24427,2014-01-19,9a01a018927402d24e43dc4bfcccb2e7f0e21934b1a11e51859150a0e332b3e9
160,5a1ac5b7fe0a44f79c131334e116bb4bfa0e7a0a851b8db94a441ac42210712c,2,160,83782,2018-05-01,7da3052327e32adffe46d5614e8e0a83a0d92054148b15e3ff711d0b5e45178e
161,05ceb21394668da5fe04d656fd11ee2fe270aa6394fa9dbdf4e5751fa5ea82f3,2,161,16478,2007-01-13,f5904c2f6bdf6c47c445618a3005c91b9a95c79c5d52c2ec513cd0b78f723a3c
162,3456f5b26f47eefe8be0d0a02c9384e91480ed509a0ce677f6fac545a5b0d071,3,162,56880,2000-02-06,8bcbb4c131df56f7c79066016241cc4bdf4e58db55c4f674e88b22365bd2e2ad
163,e0f9d612b7aebb398fcf089713eec0c7457d43688e27248ccc3d8ea571712766,2,163,64657,2010-07-18,5ba38c9dc42999c432ea9a7c32acb4bfad247bc7581c32de5be47b848ae41475
164,f49fc8085c58dd230340d4a242250a1de26b118952ca4014edf395a3b950880c,1,164,89381,2022-01-22,d32562f7f1e7cb6e5ef569ceaa1a532c2efcfc5935b08bad3e2a9323193e4277
165,aa5f65f736fdb117be5fd1cfafca4cca51a7c02d987da8de7ac1cb2f67c468f3,1,165,74583,2007-12-01,b27684b1a7292708b2b9072b6e085c4e7a1c278821b7b5c0d2e02748bda610d1
166,0bfd581b562f11aaa38dd06e3d9e2db436cbf42c1c9240bd60e310b8bbef3d23,2,166,21934,2011-03-20,4a8c75fdb6dee7172b415f9211247bdd540962e14ab5ec3e03ea18084c7eec7e
167,73ab7f15ad321e74be140c2af79e82f8eb01860054ea783e84271f9d0afbf75a,3,167,37581,2004-07-30,cfaa60293c97251dfa8118808b57c688eef66f7e1a932bb3b79b2d59b6048f69
168,79430d0081e09d440620a67ca755689659ed8a07ab5b5216b2bdf2160d9a7286,3,168,29750,2002-03-15,df7fecd585f7da0161c75c49b21cfece931fcd87a59e8c45fe1550cc43d85c8d
169,a8027314afa3360fe0431ab57ce85d15d1d3324fc31e19307e8cd2048847c8ab,1,169,35103,2015-12-03,885b5fe5efa771908c1322fa486f2d994f0c591bdd673f7c45ccb72092569692
170,cb3bc2ee1783c9e5596fe224e3fd00ba1ce057a9fa7a9a9050a814859578bbb2,2,170,74811,2002-07-08,772ab0fbce3d44d11da838b6cf00f5c10bb74e494e148fce7a8f69d22edf2d9f
171,5872df7b55d281b1523fac3013663dcf229e5f9c25c1565887e5b98b4112c55e,2,171,63307,2018-01-11,e90d55dc466937a999406378eae9d43da8d8970089e0b5cae5eceb7049a86aa3
172,a08206246389d77584f86cf260b6d91f06ff4ce3624db250b7545281e3b2026d,3,172,24451,2000-04-17,c486053c9322dce6fa1f083a0ef2788754378443e1d56202564d1e53fe034c51
173,39a41eae8f76991c3e05bf7fad8e1bc4f4d39e0513144a0396430bac66b12df6,3,173,19536,2012-05-20,a75b72e070dc99a55e4932419be6dbca5fffa366bc431ac3e58c7b729d9fded4
174,ec540692ca6528dc3336f66fbad8cb958a6103133c9e65c6b58d45645b46e223,1,174,90784,2008-02-29,d004ac3d31716fb90817c4ba182a37b85be2bc48684994e654d8a6a66d137aaf
175,71fdd0dfea11752f46681cb7e229a9591f870ccbaabfe63d6cb2f6a10deace5a,1,175,12232,2016-11-29,47fec9f491173c57c1d5b35dfefdb69cba6bd61bfbadea64015a65120efa15a0
176,d3ef76a2e73e2971b1130f600101ed7a7e43ecd6fabefb2b50f067d6e56ae1a7,1,176,85367,2005-06-09,435c210dc7ca0e7dc9e2bd9bb74c058e9105276fa3154ef5c0ac7db57eeb7b51
177,3594eb7524743139d72e9aa5788cceba210d969211a60ab388f6326407b70c31,1,177,32442,2016-03-12,5168f166ecaf66e62ce5c859e54e06e615b86260677db25509f1fc19295ae465
178,9e9de307ba13f8a1a82825cfbc8d9dc9c5d9bebe5d80247e0fca3d26bb09b551,3,178,2761,2013-02-13,a1bb364ad3761439e83376289d6656aaabf8b99014a8a7ff937e37c53611d885
179,3333ffd5a521a8cb8a7de22e2870e244d90fb3cf1ed061fe539207bf6ce3ea97,2,179,39184,2016-03-08,0840722415e6482feb1db613f3fa31a775c666addc97a180976308284fcfe84c
180,d45ebc0d1ad1aa037e11731738ce53532e675e5e644f22239be8f1968e09ca9e,1,180,40124,2018-02-25,034b1593c4b7ce9c2360c093ac1fbd864fb2a610d003f045f22168fc07ec0f70
181,a588a5c9a00dce361be0a3179d22e7cd39c69b3b16455c4e38ee63847074da64,3,181,5316,2018-11-22,b43d011aff4fcb3cdccb37986fa5186f0e77479540befb143d8c90309b9edd0c
182,977a471f26e96ec1c0b032df0bd13febaa77173445d72e1c79b0cf8b91107b2d,3,182,86226,2021-05-19,dc5dc77851b08e0b6e71d7661e4804bd6bb47087220671eefb039c313111e9c0
183,6612a6592c07de8d86dfd736c5cbc717534fdc588fd60e98aea91e81901d0fc3,2,183,87465,2022-12-31,297ee169eca74d7ca42ca533f02cce5ae62ca058db549551d24a2c2099216f4b
184,b4e24113818edf88843d4c6318f1692683c6b9b9d59e9223086d3ce314a3844f,1,184,58554,2015-12-12,e5709db6963f0a1315abe95970cdc20ae15f11719b6ebadb37d4f1828b9f4c23
185,4170f64cda1bb9d94b825f689a9ce31a19532dd921318fd0d6d3229127308f3e,1,185,30707,2019-02-18,8d284220975da66c6cba4a32aaedfa0b897187d86ed9f7a2419c9bd10a103505
186,594897fdb0e7ee19dab5d8072137205484143304d71c06cbc62779a6de009cea,2,186,29894,2021-08-14,38d25c9bd6880988bcbe818f674b973b4ba30c28ed984024ddeea838a2e9d1ab
187,1bae7e7ea809a9d059f9098e11ea25a71171af9da015c66b044fc2ee08b7fa15,2,187,43916,2005-07-05,242b62babe97129f79befacbe3ce75ded44028e29f4961594c57a9cff9de2575
188,67a51114d160d595307f6affde29d55d92b124cb196561c4f6885cadbed28d4b,2,188,38472,2007-08-11,090924c20e47820d4718d3c6c399ffa2117221e6363d2975d4ea9154b31a72a6
189,efb26cb5c6a7509172740aece827a67959daf968745b8cd83993b44150c1d880,2,189,98714,2023-04-07,509469a2fcdcc41869ae761feb9b78bff0f8d0ce703ef2f7509e6fccc22d60c7
190,3295c90534db64c0a20ec85c4ff6a36e8095869f691097d86a079c335dca1ad8,2,190,5095,2008-12-01,28995a2c0d04b66d5c7c818536bb00cd1fc1ac422aea47627de0999782fee3f4
191,ad9cb6c8455b506362a30dafbe690773aa195b2830022c3fc4e204695f48b1b8,1,191,51903,2010-03-28,e09a88d305e73144741d42d13a2f167696e495ec7c35c696b6c5000c61890942
192,e3d17f44b95abe3360115a2f6ca2b4ee738f4bd968a5cc8c91a60fb909c05a3a,1,192,47350,2014-05-04,66250bee21f4cd1a526da1df96c1088dedc8c628903be22f6cce4aafb1d29274
193,cc2e6e617a0cb3dc764b44e7887c4d43350ed5e65a5cd4846b3f8588fcc23e3c,1,193,51666,2006-10-12,e1b4229bf53dbe8134077c68093b13593a470601e649069d3ebb03e2f7c7da3f
194,dd8e4a7ec8019d27e3f849dfa7cbab73970abc2e9fe89574b8928c9aee00a22c,3,194,96677,2006-01-11,4209fbd88f388916c54f29d7eb590e04ae98f66a9b6c3c778973ee23fbb8f62d
195,c9a173775285302a1f0d7c69dc16982e9a7973ac4b4dbf0f7123c9297cb33582,3,195,83582,2002-05-01,24a3dc9b4497509fc8fd35067f1cf4f322db61f96ff00f98042ebb33497d7af7
196,fbb80c2aee7a72d1e0825e50ce478fca86eb9b44d84f730a1724c9e1746d1459,1,196,80574,2022-05-16,48a2ac6b66a6895891095784fdb439e3225a3d87e15658bbd5926407a5cba7d0
197,d36356ba87d04a791a101ff6d8337de8663a44685b3ccbfdd8cfd1ed9b63eb5b,1,197,31774,2015-11-27,854e995a2a9b14f46866d2a0d61eba8ab23a247c31c53a79c557daaebbfa7c8f
198,e21ddb5c87c2984ef1c5e4027adaca9ffa550ed59e89d5f311bbcd62b195551c,3,198,64260,2002-04-28,05d19c9e714fe85b6864cdec87fd41deb076459905f1beb67c78fdc634a07bb2
199,059618272a833acbde7a498bd79dd3ac4c2ce19a1ec892aa8461c7e827d8f8e3,3,199,46654,2002-04-30,e45e547e98e4a2769b95b2e0937b856b61505cd7cd34f4487ef751968eaf3d47
200,4be244ca11c64ca92156ff7a5fae0c350c1b23eb2fb3ef64e53a4a374108ad5c,1,200,71167,2015-11-18,a63c34add34f7e528d6c86d877fee03b088620e1a4012790dd1f419664035811
201,5d4b7f1476b3ff8679859fcb5330913fccf6456425dd58ccb0d91bf0255f1906,3,201,52169,2003-11-18,610e9f9f82d00567092734bb05cce636f5ef90475ae3d78f6f813ea714aeb97f
202,cb198a8a77bb464673e45c77280ba4671168159424479d1e7d513e72cc196c1d,3,202,84171,2023-04-03,24dab559fa0e19a4a123f315bb6425da930bd80f1254725da6cabf5f2c106ca0
203,e60a46a4a75bd7ec83ee024095924b47a238e67c6d1e506ea4b69057368f6530,2,203,94591,2007-04-03,d91607166fda4e18cc2224072053573bdab518f687d33448f53a8164bd20c2ca
204,772ebc4fce34ace833c643d39b64750012eab6fb0bb9c5b86257a4cbc485b934,3,204,90362,2023-06-30,429b8259dd5cdd36cf18ff45665a18c1376228c208531e22c6d041ac8f57584b
205,209ad05992f4426d6d684536653e85f61c3ebdb594fc9315939226d0a88cd435,2,205,13813,2023-12-03,fb3e2c0015ad5bcd60d7619ca575a56c15c5d2cd3f01f18e68c4dfaeee585db5
206,bc83a79335166b38085e79969704f6b70ddd0cbde74697a8413aa1b7072fd52a,1,206,39594,2000-10-10,4da14a9a4f86b028b34ee87d74577c8e6128434a68499493babaa6529af64c7c
207,66104bd0d3933931784457985e72d97f2f78fecfbe32dcf6d1509823ca50f5b1,2,207,43381,2014-03-06,b4de9b9a71fa8fa8b4659d26b2296980d50f98014c8d8769a66caee596b5af9f
208,724d26a18b22f822255a9e15d67e43b4b5eac182cc8c19d602a26fbbdc25b4f8,3,208,26369,2015-05-26,c938a847bb0f4a9c0fe4984141d61269a103a83b3edaab6706fe41055b3c9d21
209,2bad4db192df2016ea425512fbb910c707de8429d64d549bd46bc52eb128b068,2,209,43740,2019-08-18,585866e993b35ee4528f17b3a45cd5c3a30915a0d98b133a9b03545a3a328e50
210,a27c977ce73097b1fb17e7d7ffc68ad8ecad1f2d3ac6e191791745fab96dd2ea,2,210,13949,2001-05-10,9317824a5a58e32b3eaf2f44ebf0ebff06bc85a0aaa10f08c856cce347bc8ae2
211,9b6310b8d91a9c7622b20ba69a801f4a7f152108e0fb6a4b8a923e2e1f8fa389,2,211,99187,2003-09-12,186086cfc750c1d7ac4eda14d37c0939eed8f5d34de8977e2f0f676bb6cf609a
212,ba8e11bbf8238273740f4d2d4b21133ad6dccd4372e93868f9218e27020f1857,1,212,27297,2016-10-11,e1e462f8a15ae26107a32c123422b8c66d1687576fd6cd395c6208e65e805ff2
213,1bc4980eec68c5b41e253b16c2799737fa88a3f8195fc8bbaedb764111d504a1,1,213,27071,2011-01-06,497e671df1de83a45eec09ac98062e8149b2f4cc8ca4e9cfbf89dc86a45404dd
214,6dda1db2f152645d1669ea0e3e5c254e325793c0e522ad894c1be145aae291cf,3,214,22621,2007-07-27,2564fce3a8ec5823a6354cae2f2741834cb6545d164cba41ddd79b1855c5e8a7
215,712d067d725a7e5bff204b5a8cd6a02ec60cbebfbb78a0867468362fa1dd6f8c,3,215,36660,2005-11-16,f87279bd803c73dc602dd9a6306801366e85e18193536f1ba19ed9d848891a59
216,fea1bdae6e93c5778dffd8f10eb61859d05845515e03a7b77689db8771432703,2,216,67529,2021-01-26,08685ee7d3faa7799a108422e8dd67f821fef06dec5b4d995bbf888216feed8f
217,8144d790055031d6a65274859b5a711f0311efc5b9156ba63a9b06cd0fb221b4,3,217,55850,2022-12-20,5707fb562bcf3e17c76494f19c353088aceb34a1ef12c59262691b3dfb30929b
218,309b36238561dc390cdd3fba02aaec99bbd5fecf35366cb5a57b9c826e04149c,3,218,58180,2014-11-10,ae5b2efe336c7e4c40c314fef7cbd67f21e0aeaa70d6208c142bf1a0654e7d4e
219,94a7ace3f238ef6f553c1ea274f60fd983d74a00c629dd8623e73979144e0c9b,1,219,39720,2004-04-17,17c9a9ab58565cd2229f59bc1d3a5185c7eee6403aff2579bc1c02d3dd9e0140
220,beae4de6980fa63321c6d7de908d47dded3a48a6ffb0ec439d5957c16e6c6c03,3,220,54779,2023-08-23,ac0efa04dd28f56ea012de97784abb184df5c42bca6a86761a2f7392913882bc
221,9bd5a7a72caf16b5dbf34984a4e900b0bca9d65051c03037fdb5dc1d5c4acb20,2,221,16317,2023-07-09,0b71d8718cb324e7b5fbed7c067585f49c84f06568d9221251a826b3114f7839
222,b448eb33396ddeeb709c83a109d7862294cef9bddbb2edbf0078e2df21cf6c58,1,222,4515,2012-12-26,bfc57feb2cbcfaf1c2f54172ff49665bbe60629e9cc1494b7a77a7b2baff3743
223,b723c549076e3d8fd4c765de3e630b26eaadf11192f9a7f0b296b9ef71862d1a,2,223,5552,2016-02-12,9ec5adcb162fea7bdcefce818598776ef77423ee0f29bcbe8d5f564b7bd47703
224,3d4577afd33c8133d97c69a3b45de83cfe565d794deb7af523a26264ca7f70d8,3,224,21794,2007-07-30,2c1f3f5f6523af84fde4af934caa1126ae6bcebacd36e397fbddcb8a620c1d73
225,4f8d017d3f7aef5f08db961f4417eeed375748ab5637dcead3ff9864e3b5c1c8,1,225,42587,2001-04-28,935e65542922f3d23dd92fc60643ac422005d3a7a98d52a423edf89a845e93f3
226,37332e01bca6b3f98ec94b7a7878dae34ffce72304049d9accecad7a3b3c4996,2,226,32598,2000-03-12,20dadd51a49839f1a8d6f6d99090237abeb47a71bf457ca97033c94ae15dab56
227,3fdfc09eb87a2e85d5101889f98512057ae64ec1493239887264620ea49bd086,2,227,46847,2007-09-30,6637645ab1748312e1eddd5b2075db1534e35e59683c7e5b04863bf28d3a65a0
228,f410f2fcd1e0f9970310721cda622387447551ef6b6094a7a54b7c675860be75,1,228,73385,2004-04-17,0e6048281fde42d413df9cbf52c4154202703bdaebc53123afb12ca535a0b320
229,be997485d5fe839092e1a9b9a15a893331e8bf5ffc1b338b01dcaa36c2e5fa89,1,229,29637,2009-10-24,725e310110ecf83d3be0b65d0d4f6829151d87b049a8882069058f7307e0523b
230,c17e2ca32ffe510ed50c639fe923856ad5a4c4f31f957eb585e8461812720714,3,230,42834,2022-08-19,8de7c18195c6ac9ba9ce2ad6c4c57229aea84951e5fa5d22d8292882be077e9a
231,9b1c0100a3a6ffb1d8a3a5dbd7ed0a42b30d2b3573d96a65d447191d3165148e,1,231,40325,2001-01-01,2c415e7f3ef34f10b7a77b3716f2a89942af49f3072f6e3b4fce2f92b0a542d6
232,670a2427669ec82c186b33f5c578fffc210b9535000f4a30f56a48511e0400bc,2,232,8507,2006-06-11,8b9a9848e2551d6c07ad909df74d1d0255cfa549e5eb24ca4e3fb3f9e8765bf6
233,5de05e9fb4a52d5b9cafd77b8fbd6deb58922db383fb81682e3c3251825d0a70,2,233,10761,2012-01-29,1ff474b06c92dfea39c7c1a93f238f385ce3f9ad4cd634ccef22f66c3129b3cc
234,d101479e9f4ba2b605085a216d6529a6f7e834840b57d5791e6290814148bf74,2,234,76830,2009-10-26,24ba4243914d44f9f3a697989745b683c7a352bea930d33884c6037d700e57cd
235,a3f484b65ff57d639cb5169c0e866414d43c9a177088b8e9d7de0d3cee22b256,1,235,39387,2015-02-15,20ce2c6aecbf69dab18561a2c06cc1397ad1e1a46fca641fd534bee3445d51d6
236,502c5c14c4cc351e84c8bb025056fd9cc257f3afea0e5a7a4f71efec8a78d134,2,236,92048,2004-03-28,00aea5541e0867fdaeca1f227718f60bda461694132043a9143518b9ebb1ce96
237,3e421c2d9a352a784271a56a45e86a293aec8f88ed32f007257b24f677f2700e,2,237,81307,2006-01-28,6f84a58768ac3577c002f86f76e543d179e86e3d91e69a77ae2bcffc3cd06009
238,8edb2b25e632bfefcc2cca7c84cd824feefac308becb26b6fff9f4c09c4b3961,3,238,22562,2008-06-07,78ee4a5c1f85357a519966a3257a2996d399085187584b72f2f4b6e92cb8081d
239,0c8dbbfcfb756a820e7f0b3648290093b2542074a26b503c3cda82108c72b387,1,239,46107,2010-08-10,7b31c40281e40541b60824340375dc4d70b2b8da0ec6c73a0f136a3d13173cf4
240,b8ecc170cd7e0e9b9fb17f6d02b97e448cad15fdbf03865f9b676f56ac098293,2,240,24253,2014-09-22,e8c156833765a69703e0c9fdea27b2d1eef1fa57c85c97f7a908afcd2743af0d
241,3e00c7249d74b26300174632f9c0da689fa6bc9d1867cadbfa1a9db21567a6db,3,241,96325,2011-02-09,d34440a816d56dba7c36427bb034d37bfa0b94dd327c4b0574f32f16324d1697
242,9f10ce6b459aecb87425dbc1b499444c99edbf9691da4e50a38321f605ee1393,1,242,81127,2010-07-11,7d93861792f43ad6e66a1c3e2a227f6d695683dc1c117e4ebbb5059ce9f4b37b
243,d97cfb339de5d9c13cd619779ab0c36cebf9c211ab1e4e3fb832c36b7034cbf2,2,243,53699,2018-03-28,64bc792a6c1cc40ec0c59bacc2118bf83fe0780b1c5cab4caa1bb91d2a4ca97c
244,0dcdfa8ce292b0c546e45b08f585603fcd5e473863318f947cf95c7bcf9c99f4,3,244,38178,2020-08-02,4243dadcdb833886dea05c4ed4abd41a95fba542abfedd132c22165eb616071d
245,8e0ba621673299fe9c2bb4415e5814ebf0f91f68446faaf951ee78cbc4c28851,1,245,86411,2014-08-04,51d7928e73f7d249b282b973e5159c982b1e83397321096d622721c82441ffe6
246,92b76907cc037a910de4272dd15e870709ab45182179b68ee0b97d0befee833f,3,246,50265,2022-12-07,9f4ea8281f1dce48a901f166c9624acd333e6a1b9a8b69bfb90f6dc76a28003e
247,0fc84dfb188539de571e3762e378227210e8fc08609bdf85dcbe410f855b74e3,1,247,42119,2006-05-28,380b2b078e2999230d10addff757a6ec9d6efcf72dadb84e29a51e6610973117
248,1caad811cd37eee28003573e456730753b1aa2dc414a2dc2c8ab0fc22a822610,2,248,73052,2010-10-25,9dc22a5e0069e81decc8b38bd4ad1a86876f0bc2974a962be5f26edcd690b0ee
249,3f11b62934b449f5acfda3423dc6d1ff4507f5ab221f20cc421b4526f9c9c4aa,2,249,61442,2008-02-02,4186d818471df674de7aa07bf483192be765e34cb22775c2485efc4120033918
250,4e1c96e51c7a720ae55adffcf5d5fa8b0932b99e9925b9f8a9e930ba33c8da3c,3,250,26749,2023-06-08,26adad3a50f1cbe2117eef089088a79f057463f17206ed6914af4914f1e3c267
251,f4bb1f73784718a786d30a6bc496f24ca05628aa93140bcccc2ef23d9f15b01b,3,251,33116,2020-06-12,5bdd73abc7797011a63e87c31c6df4070fe02c72e63b8cad1f2bdac25729ac62
252,55c65decbfe35e237705fe766121af479bd4e80f7ee073222b87b79bb71382e0,3,252,60694,2023-09-30,88995a49b5efd9b5f2fad2b87d1885292e47042a746e52fc3b1605175889a5a4
253,3eb09ec6d225b7bf85d98a711051dd2993c005ed0a5c1db4618a40ee4ddf6c67,1,253,78332,2017-02-08,e65699d13492705cc52d9194402fbca1af88d578296886e1513a7806583a7b37
254,f608bb2f23db84eef74d1cade87a3a0be5041ff52ff29d70d5093f0fee0651a2,1,254,5375,2012-08-04,ecb80fffef1947a59eb3fff9d3dddfc60140387317a22d9c0e3f3f85177f3e68
255,449fb0d2fd774f89125b7cf9815b0e57d0b8b3141fc680b6c5a470fcb53ca97c,1,255,48267,2020-04-14,f4a2dde29218fbd79bc628a5fec4bf1ef3eeea0b0c1bc792e124c46b239cb272
256,15e09258d48a6b7350efb3c2950ab642799c5e4c520fbbd6228d35998644ac8b,1,256,42539,2015-12-19,7b21bf446a0ca57538d9fb5342da473498f8258e925f26d834ca47109889d3d5
257,4ffdb96c2aab42079d49889a00f8c48a47411de2ec66a69da1354dabf8365e92,1,257,75832,2000-08-03,185075c5eabd2a50944f5001d38dfb8ea1c767fbb4b2d7e7218edd1f1cfb06f0
258,be27b63bac043deba24c7ac962397794aa2282b2eb6f4930292fff44fee8b2b8,3,258,18310,2018-08-15,efdcf5044edcc6519ebbacf87e926312908ec93e6a56de1c4528251730b17ab1
259,c814fe413d0ab976da724b4ae37ec9e77885cf57c07c8104299d1fab474d917d,1,259,2717,2009-11-01,70c766cb85e3b1d3d9c6a7daecd1c311a24725c1c49b4ee4341cacdb2cc2e2f5
260,5105f21cb33af309c25013dc053b45472a4b361d56fb7b6779c47cf3642306e9,2,260,12368,2002-07-14,4f3adc1c7dfc939767fcb99634032e7c4900d0948343345a1ae6f1c163af32a4
261,f2f0a0faefe1f3cd9c6474f5edfc077de48e23cc3f991986564b48cafb301de8,3,261,22984,2012-01-06,ad361d0f210a313d7e192498661c9173c2e1afca56c15722f2979cbdc4e0e80c
262,7b77b96c7b5d2a63594cd09b97a115368c8292535670060400817792e84c1040,3,262,20742,2005-06-19,6fac9a8dcb267aa7ca3fbf1e76140fe8103824fc578f209c1f3e79493ab5ab94
263,a24c4fcbbbc341bfce9c0029a71fd88c3d2c86fda8e70ea4f9b6b9cd1b75ef4c,3,263,33046,2018-11-06,66238b7831eb02eaaa3580fb051f22010dc9c8188e0f990e33799452cf000657
264,4b158c8281a39572e6fa0027f9ffafca7cec4e170d3470c71579bc38b4fba3f7,2,264,43852,2022-04-15,84682dfa53a93d68bf0fdc5b0f4bdfe21ad2bcf1aa23c8813abc4ef8795ef6fb
265,b5f7464e4ba459e6a44b8fff7c9757d1c6741640df4538d3b0c8658fb7aaf66c,2,265,22788,2021-09-14,cd25320940b25cb826eb8f349a9df809e8a6078595667c840f7f97fbb04a220c
266,bd89634c1897d66efe50ac5a9b05b9ff664c3f43a95b7ad271fd7dcba9f73311,1,266,15493,2023-01-22,0b4d2494a6f6e0ef8b11aaa7cb98b8656310c9e89b5ae5ed7119b95a9536b4a5
267,2f37e939d36f8dfa910d57d7888ddfd5b4922d7a5a579bf8bb491cf08f31ec31,3,267,12836,2008-05-03,ca7052960bbd9913ff420591a2f6508231cec336d8bcda9888c90d19f8a3980f
268,60c1e3eb8cfafd8e90761d22b5d956586cc238db8767dcb05805d8368d9bf6af,2,268,84908,2013-03-23,891034f11fbd8f2231c202f2a6cb8970fc7eab28325eca8855ea4fdc50f564ec
269,6a5ca5a9e870d97f3334393cb8bf3beee8b92e66982244b610dc81544c24485c,1,269,24927,2014-07-19,97de5a5009f134465e4ff7b0c45cc1c1bbee27d1309b631a7265de958d558da0
270,ac8628b4d622d78ebbc1097f2e393d32e626e032293813a93769f51dc86c9ca3,3,270,43749,2014-04-06,dca1cb8317ec02f14d765e3b4469e9ec066dd87289643e5a557eaf07aea22914
271,30e5997fa93aadbd9466f2437d1218b58b1b8d8e11e872bdc031cfb17252007f,1,271,27224,2015-11-29,57c5119ac46cdc6ffe1c2d6b861b7c975385483c649f0708beb09de81d570543
272,cee7ca7a7f52f4a6bdfb44da57e62c588d22db6bb0bbb549370d855acdc88732,2,272,86751,2020-01-09,1be6636204fd39e9e756c53a1a54f64c8286c78fb70e175afc60cee6ccbbc298
273,e0bea60cfcb67438b525e49e13482e9bbb286b2cce62c0b5090cfc8dd2efb4f7,2,273,15285,2002-11-27,38bfb45a86fe32917bda2620107cfe7abbb455f5268d9f87df61229916233c43
274,5ba4f5a5ed2b073fc86cdb7cb65b8b88051969962f2ccd7f94be1f1910007bbf,3,274,1431,2021-10-24,768b84ef05f655d57fe22d488451f075365f6cd18a13073466aa826cc0ebdbfb
275,65eae746ba8b0d3e5e237dacf44645f0b457863931d0ab440c1f3abbb5df5b87,1,275,97620,2011-09-09,b6afb7afe424c43e719177592c4b1329cd03ba251758ea9c90fca58cfcbf8503
276,d50eb05a02fc6d330fbc05bcaf35c941ded366d4c86c8f6d21fe86d45a95d942,2,276,73311,2003-10-20,fc8160862919fe2bb0a85742e2e4cdf954866928c9dd3862ed091100b189806a
277,e7d9bf357ed5d124dede0dd7a1f08a12bfc7593c79c36a3bcc6df2e9e1494414,3,277,52145,2012-11-09,9123176eaf6a91a77e546cc2fc89d566f85e0b5317f0362a2f21351fad80db71
278,fd50fdf384117164e436a40727e952258e5618888049280dbc60fb362fa619b9,2,278,81688,2016-08-20,d503920a42604c8c9796a82fd29f6efa13ec7bfcaacda44fdfefd7d8f5c3bef5
279,3e04d4efa3bbb7074e9595b50dcb0bf1e2b08db2d546be8195f2348164cecae3,3,279,23196,2017-04-27,aebd65c94298317fd8e238002834cc5501fa89b620e95d772649a79e0bd19475
280,f1b7939e672864702bc286f6fb711efa3118e262d6970fc66655bdd91f9884b1,2,280,84176,2009-09-20,2c8956be0d58b5e7e669bcd1badbaa0fd45ca2165785a911f1cd2a1218e80970
281,ad3f595f12abc83b017a79ed8aaabd90cbb0a6b587934a339449ea71a847f413,3,281,23334,2016-11-22,923460afd903841a21363fb1ae650e8d624aaea62efe94c043dced07673a52e3
282,6bc3ddc457458adab26274a48de38c0af7c5c081380b664e6ec8b1b97006dcf8,3,282,36316,2011-12-25,bd16867ad212808c7477ba4c9dcaf7c295ef1ac265dcdde1004ef4e5f5ea490d
283,58c115df618b301f4ce07accf3c83b8ef032caa5bb9694654db6e05f3eb77711,1,283,62259,2003-05-14,dc4bc886825c446e6ae02d4d0c6a8787af0395079effcc3afc0f8bdc40cbd161
284,5dccda1bcdbe46036c442375205ffae1fcb0b5ee8825cbb0db7404e75d213161,2,284,99013,2011-01-23,64867baf58a45b00f698e4f8247f9dc68a184025d3ce06609ad525ec76f42393
285,ef5b8647b6d1d9413ced4090ffe94c5a8f7104406cf76c254f5e06f13290610f,3,285,37060,2002-07-28,1771d799341083c042730af58bb6b587d8d7d05656cf6b342d2e8e8ab8c10ed0
286,dd8c638c5caf0a2526c9dbf526b60c871c9d38e98c235b06edb909da28af8709,3,286,85319,2012-09-26,38904aacc758eca211a64dc3e3696e3402a51b4be5ee4140c14da895ed56180b
287,fd66c520576777983e84ce6d1fe919886b6caa9c934c3750d104e85ffee84dc2,3,287,80446,2023-02-21,c4ad40c311bb5e4392747ff3f834b671054b549e4a0d81f0fb6e3991f1100b98
288,ecb8538f591b1bab0913bd01f9ddf02fe1bb9502e65be3a6074127f667fb001c,1,288,20304,2019-05-22,de74413100cf58e0bba86d129818212e044ae3e37e77989469b5ee8f4c4b612b
289,624891ba73e06322855727a87c5a47f2f0bcd29bd2782ca64c20ceab24e122ef,2,289,19214,2015-03-04,64405ee1d117aafaa886aff7694832950f1aaf79f62fb9843d5ee4504b3c5362
290,e8aaae3ebb7aebf40ece12e63c8b3de9e6e6927674794f19d54ce88a56753439,2,290,6742,2023-02-21,95c980a35562249ee409a08f6f8c74c88bfd06b55fdaa43385a75858f34e6e2a
291,7f5cfad13ce0f58f1f4f7b4954585f0aa5b32c94f23e3cfe6a3bf30c8ce2b0d1,1,291,38860,2022-09-19,0c62cc42d6479a691f03083654ab6a7a84229ab156c948ba8d3b6c79ddd95536
292,5d8771dcf18a54e4ec85e2417887a64a3a758ec8b4b9e1c287bdb93addd12090,2,292,72673,2014-05-21,5cb862bd8938e81c10aa9eb4d26687d3f14a3347e358bcf15dacea31cb6d8b51
293,e35adc678a9ca2083401cea83dba56e725bb46b83ba487878a3554f10a84f81c,2,293,27293,2023-02-04,36b9a348ff8fdd5fb3ac60af9a10e83e21bd30460ca209530964b0e006aa5ee9
294,2d60d423bd4d0407a7649a1c7cd9aefa6c0f4d914c24a0b1579ac652ee032ec0,3,294,24196,2023-02-06,8fbd1be8db88aa70417a0dd5e4e4aa232f660426412e218d3b56a42d0a931552
295,93925326ccb5da1c6108e6698ad67b489f3361d027330bffea30f0fabf74fe82,1,295,47842,2022-08-21,11bc0410d988326dfefa765d48f8c0722fa8ec579bb33b22220229a68a8906fd
296,e0729a6095fce0af4a60123b687617c4f9f1446c3eefcb04b0db6051346c6e92,3,296,94172,2011-01-14,e46b41429c5464f25959e8909b5e48b2b3878bdefeec509e4668ad7ad80fd013
297,5ff396434b2abfe24ba3593e35bc7b1bc828f8aecd9075330644e376697b369b,3,297,88877,2010-10-01,a2c0fb3f2458d9a4fa6ad4b13dbb7dbcb38ae9a5bfce162f58ea813e377af17d
298,05fcd9568d10a463c97c61d7f60698c77185061c1fec885d17eb85917e7104e3,2,298,29603,2000-08-29,8bd05bcba665530f6c213fee5c8b6aec2d1862e8586f2dc52679d2f2aa1d0e24
299,1604da07b9b7299338cad266b33397cd0db9c694342487c2a2321def52ca7a4c,3,299,24741,2007-01-30,37428ab362509a178a4d59cffc5ed9cb6adcefc2c5ec261ca82b42f5e598710e
300,0f4905b190b7932bd34077b4df39a989ae997d7a8609675557a5209dddbc3365,3,300,10605,2021-02-12,1253e9373e781b7500266caa55150e08e210bc8cd8cc70d89985e3600155e860
301,f00889a42008ea3faf0604c916d349ce7a621df85d855cd9d561ae7b4eda087d,1,301,85070,2004-08-06,37a649b815d7ae2b4a05c275e027f4586ff70efceb2632337ad72da068f332a8
302,024caa79b623e328bb1ea385d4cdb8e408958cd82368b975c4e89452df31a15d,2,302,69735,2012-12-21,4096d7e70459c2d39665ee41295bdf37ecbd8f456ea2774746dcf754e12bb669
303,131d708602f59bcbf386cb9040d9148ad626423c27428cd8ffc9812dac9217f7,3,303,39873,2015-04-15,9cc587890e4675d5434ce8a2dcfd84a188b6c258e1c2252f916d11ae1211810b
304,01674f661842806cbba5d3823d15514bee220d13e276303cebe22b724970e44d,3,304,94545,2022-09-07,15d45f2509126484f295a467baa497716a95742d401311586e75d5db3f88be9c
305,4157276d9a2e80d7514b680dc2d507ec1552c55d1c0b5f1a6cc658c3919fa891,2,305,68046,2019-06-11,ca1a4e2a19889f4825c9a5ba99d31ea2f5a7559b8e1e154efb04bd30e5454b84
306,f3a954a1f95be1e1cec607846b366da0653bf239ce5e16e6a3c5cd9a75602a79,2,306,39845,2023-11-13,7da08b799010a8dd3e6071ef53cd8f52049187881fbb381b6dfe33bba5a8f8f0
307,da59f7f8235f77ea0790da4d85e89b4a64ef293a5633ac8fc69c6faa1361614f,1,307,99010,2015-02-21,bf65dd5765a2f939821bdb778850194cb1a80b51d3f4be7d7716f488164bd447
308,262495f174b606fa98433b6e329e9ca2bbd5f7affa4aa36021e9b1f37a310a75,2,308,44646,2018-10-26,e94891dfd08d0361b30951634620fcd59960ffab2ad6b4d0c597da05e0a547ff
309,8890ef9e8347f1e5908e57c5f8dffb5e748fd2302c90efb74098837525c60469,3,309,82442,2007-12-08,c73fd7bb0993037fe0f8e308d4d1107fb61a67b1fac3fbc5410d1167ed2e9b97
310,e0c07defd1fe84a3420246575f42a9a708c08ccf53c6c0c4083cb1169c7fbada,1,310,51150,2005-08-12,b12cc3793bf4252dc40025b0ff23310360ae43f82a5737167bd9d374318b01a6
311,5ff596b118915dde65e838cd7982d5b90ad67bfb121b2ed9959aa965f20a4fd9,2,311,50508,2009-05-15,7eef9144c5d079c069970719224a30b97699cd04a57a12acc180c30bfb33ae93
312,42318c91f73a17b7d43da0c6c812c60f8ab07d8ac9a7c955ed43fdf62979708e,2,312,62079,2009-01-12,eeba9af98eb63324e962080dd0459dfc4fa3701c9554e9d44fdc704946ac9cd6
313,67cf1423c9134142af3c24e26ef44b21fe054f91a9574cd4a4a3468ac53cfc1e,2,313,44310,2000-03-02,26731739b15d7bf954ecbe653f7c5c4dbccc221246696e8d83caa9c02926db07
314,59aec6dc07f239d99c6f76b372d0b0e66901c82b4c740b2fcefbb801c9aeae6b,3,314,61847,2010-06-17,bcbc4d19102fbae3d984b945e9938835ff8e7602e37ad1489ccd228d8adac991
315,582f975be538b3408b9590c9816d8e2129fc6dda933b509ff1f0ce1b016b764f,2,315,8774,2016-06-19,663f73f8af157c158248e72eb2d6548f7219b4231609b732ccc6484522628c6d
316,74fd9ed801bdf9566172e5a2dd941f3978808d2dd3ab563c80d82235cd881c93,3,316,61086,2011-03-07,58b56ca565b863349e33f05ed62532784bc8f11935ad7386e97b57033322c31a
317,3d682fcdb0a9584d188e1019fa84d558aa3470f76cb509cd5510cd8a28e017a7,3,317,53970,2009-08-09,c4cbd7c861e6f1ebc446ac6154a41b306ba7029b5505c2ca91773c3ae5053b15
318,89a2012b25152240c47138e8654c1b42ba845ffcbca8f651ef4904937632b742,3,318,81799,2014-10-05,62387ab8fdba76cc516bdbbaca2765132990182f1d0464ae4ebbb4804d555c4e
319,a3c28064a02a51b2ef76aae1b204a8886b608f20f99ae3aefc5351318e622b42,3,319,99497,2023-02-08,0f381804bb42cff7c79520e2db5adc0a860d7c8fc251152aaa7bc150bc2aac96
320,f25f7b939a18840035897c0302dacdcf086b3c39a18531dfad7e515a14f3cb8b,3,320,32097,2022-06-05,dc137d5094898a91f0cd3ccfaab08562c533bab3a38a51fbac91f7177404b2d0
321,a5f011fc6b19840226722a440a4eae3b921eccd6eec699229ed65916c682ab34,1,321,23055,2021-06-05,6e3732a9c91c0444a793506b87e30b77fa5a7e9b1e06c930dac0c4cf9d5fbffd
322,5da6aa5693238eb263cde8411d38ab7df3a8625388f9428ac04af28bbd7cdc5f,1,322,6903,2021-08-10,42b4fb473bacce2dc496a423021b9b2240680e399e4f2dbac05f808c66ccb2e4
323,f7b4cd6ab130bdc09d14a2e5265b7d551f9af31ea1317072fda871aa3a9ef6cf,1,323,46803,2004-02-22,c3b0e51dbfd145551e0445f1d7c10fd040a528893b903731e3e408a13729ebb7
324,74678d218485bd14fd6eabd33e8e4687936e3a0ed92c714d5fc83f180fdce4a7,1,324,50183,2005-06-13,dd80c45f0c4e89d2497055d7bd1f4c1458135c8af51a5b766c5f80e8afe5d27c
325,24d0ae59772bacd8aa4018e0d39cedd71b27b3cf996fd12ee7cdd752ecc2e670,1,325,89240,2003-10-24,6215944f4d6c8604f8b34a557a98a804292c274a26e8d22dbb5b3a89359c45b5
326,125ad4c9c5ad57e2d4183e8fbafd45587f3105a0fffe2ae6cec369d96fdcbae6,1,326,27863,2022-02-11,ddd180a4466685b23ed9fee26d0d9cb5f081608808cceaa9cf74a9ece83a5bf4
327,86ef6a2a1dc62824231e1ba7475f347c70f6138e7ff5599ce9f903d52861639c,2,327,48246,2004-10-20,bb084d56180809c62776105680fd9636b3e6a26771db4dcbdb15164eb7c8a53b
328,a9e7effaa0ae2be9baf254abda98703ceda279bed9ae15100125d4ddde3b19fa,1,328,49902,2015-01-28,d0d1ec183968331fab0af9e05e51444f834785c16bdbb924efeed25269ada2ed
329,57e81204bc861ad11dba2266b620a99e70d866bfd87cd926826e535cf823069b,2,329,12081,2017-05-01,fd33fd23e0e68f05b8e2ed215dbe321e0dd8f832fde5266da297e6829c0c96a5
330,7c4d7582276f08703142e08451e5d57230edd2337acfaf853eea7a26de492fd3,2,330,23334,2007-11-04,40ed74672b343e07c66b111deb5c03c0e3d778e0d96bec007148d7ff6c7d8ae3
331,a7d1e4f2b7d293e5edac24d4935f0fb9f8a42bef144c482be275ad9b0c382b50,2,331,60774,2009-11-12,46a9c08b8a2206920213234350b0e0951babc6c442f25addb993d26e55e3859b
332,0f7685b22ff9e50e3ead83cdfdb231c617388bce23447b2e565298d4b9aff2e1,3,332,31769,2009-08-22,fa9c04297f990f5662c74e50c2188c2be8b8f165c8f0a5ab78047ae93416c507
333,203e0f3190fc17055ad98d1b642278500d7703a5286abf7fa99e88995a47a661,3,333,50520,2022-11-14,a41c69a6d5128334125cd9908ee11ea6534d544e14d4810f04fcfe763460d175
334,6e7e54d8bd749d5a36109c9ee22336774fa766a4c57a9d98cef147ae95850094,2,334,69432,2022-04-17,24fb82643120b8f385b528130fac187171ab6afca1b61710ae60cb036309f4a6
335,9d17538ac42c1c4adb07e7979e6e587506244e36cc64d7931dc6256d15509e64,3,335,11502,2002-02-25,8975ffb6740f7afc0b005d9b7b84e7dc539ca5f3e0f106c9a6141e1dafad3267
336,a13f2b26c1557877d1ff7b3749479c4961c5c24e5394d6c0cf4897b70f9c35b2,2,336,46339,2019-07-21,9639b7c7d2183b9fc6820c34b917d266612d05e084ee86cc174df81b7ddb4ea2
337,0cec65f716d1f214ef0327222d6406544767c4fd7e67d55ae79f910f5560f804,2,337,20058,2011-09-30,c3ca9db74ad590068b18700b0935903bd93b87d53f5ec2c3e703ec369b6b2b83
338,29295761672d6d74ee9f0fe4ddc0b9293d11601c3d77bc580907016c3fdf06a5,2,338,66867,2016-12-01,f15689f2fa1d0b8448ed52cb956955e997f5145c8ac97e2d4ccbd216f86bb465
339,131f5aaa8daccc7c373c8cf69140c3ed2b6627a071ade8d18a9ec525e85c8634,1,339,9477,2012-06-03,d831e97bab4633972579a2f7ddbdfc1266781872f39a7088002d0e869345c8d7
340,e0051829538a4e68faddb5c7892540e07e1341c2dab228229935a66df6472095,1,340,27400,2013-01-12,8c5674dda770c39e2756945301d7c2933bd53b2d595dea6bd43746bf8c8cfa53
341,ed84be0d504e46532385dff9dd5737e8ccb4c540069295bb5863cd56379e8e4b,3,341,1163,2004-02-17,8c6c42f379f08f03b79653a3230abd5e8079999435030fd8ca703ae35fe9b37a
342,bd18c006a2ec0825c92c8d76abc6396b16bcd98cd7de7a771f704d056297242c,1,342,19570,2008-04-20,5d52bce12bf3827b010886562d707403b49ae16eeb574391fa678b08a72891ae
343,d26b8dc9dc1e1d6b04e4d07b4876069c3c99f0699a894d45ab37581d4e42f807,3,343,69673,2004-09-02,b41467b324a9f7c1e24584c1e821c1de1c3d9e295124e9025a9a5c4d185037de
344,64beed81a68862a3fcf69d2845308442bb143de36eabef57505b6056ffafa16d,2,344,80532,2005-12-20,16a3e9e922b41fde13be3ae377b18e08d44fb136594e7f9819ff2ac75bab5516
345,ac3413f170b2f917b5752ada716bf8000d532e41b473bba2133a89f3da141d5d,3,345,99838,2003-10-26,070167a5b89e9ff2ecfa902cbf9af3e80a6b1506ab077936a89f4e8228d95d3f
346,ad8794df809474f2d9a9427213dccce8b34f995974e6f1bab69b1b61b94e68c8,1,346,64237,2003-08-16,4ac1a4b724330952f35e0671ff3f9434afe0f6e0e68a03fe9561a98c915f2cda
347,09636915c442a7227691b808d1e04a95e3e6fadc9815a530cf43188f3b839c9c,3,347,35915,2014-05-07,18d37c950a3e810d9b9a84c72c230ca16b7cec19f7fb55c625e5441790d448ef
348,f553f9fffef97018cacf912232e61ae3ecaac395b4b52ad60cfbe7e393cec46c,3,348,96405,2005-01-06,ae51b50b5400d33e37815556c16c49dd1c19846b8b329960f258481fcac03711
349,b5e063609e41e43a2a037d6d2812696db86e516401ffb750dfbc766aa436a71b,1,349,5368,2008-11-23,f1cfa5ebb149e8099d561aae57beed6c68f990f45a910ea9d7b460dbcc5350be
350,20e1c9f14fe14778f1b69d2290f3f46e027daa1d0bf5c6264635d72636bec643,1,350,68713,2001-10-19,7d75f3378a37b57a4c13c8afcfd9e5ecec3fc333f8962edc450620ec6b8b402a
351,a14c8026fbabf02f97297e64ad06bf542e0840353321ad9741455174283a73a5,2,351,67837,2008-04-08,6abf13b55aeab74803d762923c839d4e17722c15270a25b2b17b8175f5452d68
352,cbeb4e4f89027bf91625b1a65684acdccc232ce54e11d90b5349f5da97a3db5b,1,352,88439,2015-01-27,30bc0a114420f0d47a28efdd05dd389dd8633700d22c0b6fb815ee17fa95efc0
353,fd9f807dc8220ce7e84aa0cc0997cd41e18c889c81333345b1dda0701cc7eeab,3,353,66156,2001-09-08,c783d4877c3617eda674d75d73dc62812d8dfe8d80951e694f31a1b639b1d4ef
354,a5d970fec3d630029a522496e88dc9dafd4050ee1d7579d23eef850d0a9c0a99,2,354,99961,2020-06-21,be8eb3b10afa150f653cda7e21f675e888bed7c8973b507766259ffb8b878041
355,15d6c395f934bdc2c62121f4e24a232b9dad16e0699a7b0c19f3c8db987bee07,2,355,78884,2017-08-26,db5e8b11af223d1186bf7dfcd380922dafc8c3839a5255474d141d8173ac446f
356,fe125785b404732a229a7b81d3f7bb8e5fb18a6013bf0f98a780244b78e54123,2,356,33854,2004-06-17,68c599738e42780938995a41ebe1cc8f054726a7325e7bb417bf37772df2150a
357,b01d9ee1857e6dcda8bc47e7b2e133b0b37b740290d1be731a075a333dafd9b3,3,357,36566,2022-09-24,e04f657e2abda0d50ee25656fb8d0adc0622e352221c95dcf60b3697896ecd62
358,d8830fe4b45e184e79b810393e03a2b042665b58e2ef55caaaf04a791ae60fb0,3,358,46053,2007-10-14,c83e0fc471e3faf8daf90b67e064a72c363c9187de9788930e71a66297e259a7
359,5ae957ebdfe3a551de76884194c59a12f1212c13494d97c7d35cac78251c5b9d,1,359,23548,2021-12-19,eac67484e404e4fe4202c9304dd76fa91ca9cad6c38236432aaebb8256b8e3d2
360,841cab321e17aab27b7da93e1ca907ba95e7fd8b85b198fdde6fe4d5ed6cba00,1,360,75360,2001-03-01,7c785333370c0afb560724222fdb0f7aed3929acc9d821cbc303e9edc40cee1b
361,0213bf6202e3e67c2ae8c8432bc0c71f0d9d5c7e9089ee1837717967205c6f40,1,361,58629,2009-11-23,62b5ce53a9477ea56e881cc849b39ad3d4cf43c947a270ef0c059f9b5528dda3
362,efa5ab63047ac22a816062478a17c8939b170abb0612c39f1af116bbe289329f,1,362,48520,2020-08-02,c573962ab9b06f9f8fd2f5f50446e8d31ecad5cf19e0ea53c582c647ef024312
363,51a188a6752c804237056cebf9fcde2bc368c04bcbf559ee559bc73a72995c94,2,363,40244,2010-07-16,aa7c2a577f1c62842125a2d9f191819aef78fb4a531d5859ef617b656f8d92bb
364,e9f061676708193b1cde487c1c6f89df29c959aa9a2c1b08012e16f952304a0b,2,364,41222,2000-08-30,b21b275c3af7ac634e44a22c9613c8b393a5756d713cc2c01f47be60bea84075
365,c639d962ba12e9d8dd9e9dc42b5e77c2b7f15eef6f409a629b145bfbd0c68fdc,3,365,78604,2011-11-29,b69b41906201076936cc1c89f88590fe42ef8aea4c8940cc09a270d6c3ef2d45
366,47f77a27b252dbdcc475f2192b6b225af926b42515d68a15175a7b7212e4d3f0,1,366,69483,2021-11-22,7a25ab16706862a7455e098307a754ed840e6055fe364aa29289e195d3b739c9
367,7b9b4b689d14f308f089eae550646e5831d20774a06158f0181b311d8dfab3c8,2,367,11596,2022-07-05,bb75dee316edb78b8d6ae1c9e7ef9b1739812fb548ee268e2b232f0e0c9556e4
368,b38eb9dbee727dd9036a409e8eed917f63e0c411c304a1f90b6a6c6bb7056de6,2,368,98398,2010-03-02,5cdfc1666dd928187b58fef9152b1b417f04e96fff7e5710313d3fd7e0e155e8
369,2684412663165bf8f7c516b345153aa94957c6ce60a61b87224951cc422986a1,1,369,45528,2012-11-19,708574123bb70458d5b7a781be7fda349cc67bd1f37554a45ab07440bee1428c
370,08631bf2ab9e95918cf805d4cbd3de6a66d0e618a0350fbe0fb3f4a488eab981,3,370,81448,2021-03-09,a1eec4178b0ff8effd29050b53ed6507ac23d43408e22eed4813e1ad7535cc08
371,2eb0f86a405cdde910e6c16bfb6c807d050f536f1840a29d7b8791bde334dd5c,2,371,56790,2019-03-02,ead7679272a4cffd61af8b02e3991d6daeaa8ed17d739db5d1aa18e158ae9040
372,d80ecab9a8c2cf3cafaa45e9811f69e51d90e94279a84909e00f7dd7c23d43c3,2,372,34682,2007-02-10,39143a854f8c2e3bdd96931f95bdd6bd237baeb9d044067d79980908e23fc0d8
373,60b7885e81405ac9bf8cee10f298c568107a6d772be0302dd09d48b0c73f5ef9,3,373,21333,2000-06-26,5e92efec323f500ae1b12786fdf5d71b7464c4323070465afeb3ff461895109e
374,3ceb4e7c58e18195dc79be9348bda6c586b6b609620739f22492a5dfb5dfefc1,2,374,14424,2007-10-29,3880c1f7921648251f65db9ecf864c4dae0761fa6e4cfdcb667e22066b08c90c
375,dc0eb74bb520e6ac94fd78625a0a65a42d83c58265b7d8fdc775700bfae695e7,2,375,23831,2007-05-11,d44ce374513f092daa6ca4583d2c6f4c2549735b54b30183beed8a78da1e4eb8
376,10ac583405c8432d438cf2c615133808b8604412adb81d003c5830a825c30d54,3,376,17403,2005-03-21,aece8aa742ae952451fb745564f60f5f5d6fa6ef09bd4721d6b286be4124eb1f
377,4a0b3d473e94206af6df7ddd4abb2e4067b2c986e9f13c41b1cc27fe23f12da0,1,377,92014,2000-11-06,8ea6a8716db197815c3b36aa797f25bb21b455fdc133703cdb7b09e29f248fa1
378,d0aeaf976f3afdf5721ccd255ce537cf416a218adc3d6fa54a51519bab8e610c,1,378,94565,2012-11-15,b3eca9bab849aaede3268c519b68f0ab44f16fbf2054d061e3050a331e768ade
379,55a590ca19e9fa4a32b2c566553361e6bc7dacafa8a64f4857334b3d6e1f3cd8,3,379,76293,2010-01-29,d4d4ef5107ff51684301487fb3e10721f4cd04107f1bdaa5bfd6edbc3e5068ce
380,2ecbed190aec82f3443cc8949094cb5e5084bd1bd28d8ff3de1d8d1d8cab6fb0,3,380,35204,2009-01-01,1d3fbb37070b8dff6ef3b1bd306c1cba1a59cebfcf46a40d3798bcdff3608e72
381,a2801b44ce2a30f7dd76e644716b649b5554f220d1abdbe241ecb8c7f90a4c2d,1,381,63632,2008-09-28,81450cc640f3a25caf7a3acff52aa5e1313b06368fa85b8cdc1fb4843aeae1f2
382,4f41b274710b0966864c4816145b7bd021179773f2d822f669515cac582972b2,3,382,87369,2019-04-10,5b2a8c9ebf5f3f86047b5b02842dfd873dc330b2b028497df02d4d56d8301d47
383,0aad209fbb1fd13661a5bd5910a71573905dd1ab58bb6f46631aa468f6d95729,3,383,71031,2018-07-20,9b1114381357309587600931c83026a221c186b45531220e8d9454d43901aeb2
384,bbfb3b757c4afa083981dec329bf2c25e7a0524292f0f65825b3528754eef447,1,384,46740,2010-02-08,f1b9cf4ddfd8fb09acfacc56b9d98a55d58b01b7f3c1d25ebaae0a7b47c9fd1a
385,77f005790ad88e871f3980b259f779725756570b443ad36ddb38818176a53f1c,1,385,91718,2011-03-20,49088b6d9f33c889870618644321b307a6793666a0783967a94ba01ab15a1306
386,81bcb56b59feeeae6e2977b2526b628e529bc4b7c8a3a12bc3cb3570ddd81831,1,386,92025,2008-07-08,e8672cc50ffc3d0d52c3cc3895af34abe208af5432e9cbb2d93447ecb09eabcb
387,9a5b3b2fad77d6f692f35249ef06bbc0a41fea0db10d7ed0f131e8bffb3ece57,3,387,65089,2022-08-14,c5ad500f4c18ebcf9b1ff326ac98480e650145cf6473e1e403365a12479b5e44
388,817d464442e02899b11bf955d8ee3dc7d333c3b849c36961d1caa54f338990fa,3,388,3061,2023-12-23,c032851ed192d8ac0a3ad04b0ef3060b44d1f6d62f8c17414006702787c5d88b
389,701239bf02181dc9f1159f287e479e5160524878f1a5c76c3be4b85c945cc361,3,389,75127,2004-12-01,7d664438ec04bce9b1e4fb51e64da04dbfa3df05d79c212292d116782f2ca9a2
390,d4e2f813b2eb7055d4f651e61d1e52a98e6d6d00115c8a48d6c65e4130098f81,1,390,1493,2020-10-11,7125e777a6b199fc4e8c2a0d024215e393c06bf775c217a5f2d8d1a6a7c98d96
391,2829babc4743e85c68094a3ad62dc132ee1f0c48418d7aa2bdf27e1d35da4f3b,1,391,78588,2006-07-24,c86a2932e1c79343a3c16fb218b9944791aaeedd3e30c87d1c7f505c0e588f7c
392,a1457bff2e10d9f8182b732c496e955023f5c64326bc22de8e8d64347c05356e,2,392,32638,2019-02-01,3e80bf742e71a2f28304fa6c80c672d3c67b489341b732bfc292241270a90865
393,37095adc3bdc67a5fc4960506dc1b8e25d3e326a0d09de0ef3f9da8c5e06c6de,1,393,35772,2008-11-23,26e26df2979a7b6ecbbb7bfb77d2569f87fd5edb7950b2e44a3c02915a8fe98c
394,fe1fa8a2fa3b682a258bfd11a346f78944ef661be4ac81c9239f22e6294dba39,1,394,54734,2017-10-07,6dbbf5bcfded23c2d3aea5c1d41e1f864b2a4ceed71cc95fe4dade7e836afd3e
395,1a73ed20435e3461d41b222d190b45d6beea62caeffe3faece30ba2726b85aa1,2,395,33002,2004-11-27,a05198938c6ca8cd56289c6dba6bb8aaa68dfe8e0d7a37df2fb76e48eeba4244
396,d2fb46869109b64e2121b216caa4e02a5adba3d45b5c44ffb83e1fbbe9886e35,2,396,44359,2001-04-30,918966a72c3a0d0ba8e37076e7ae98e45f83bb563376b3f54b1ec2f12b9a735e
397,1599a113f21958a6da20c0cc1c91dca7706e9d03bfd473dad2ca27c79ef56b7d,3,397,50626,2023-05-04,2b1348eebe95abb652a8adaa2c869f8e0fb31534c0929b498ccc8aeadcee3234
398,838372a9066e9f50a11a340eca1f7da23e619e7bc3cf445af73b8115bc96e025,3,398,95850,2013-06-17,9f91a42ed4b0f72be9b2c59d5ee0c6853fe91ba0dde76c34c15b43b5cada9d76
399,c7aa7ec3ce0d6057866ca1fca6ffd2f5471be8206be601e82288079b799b2b8c,2,399,53687,2014-08-15,11cc680d124f4345d1f5f1d6a03221018b55085ba5ff123f3eee785abba3e16b
400,3295175e56ffbe0d8632c8f2486ac907b15eab96a69bb0529378e4b150def435,2,400,30511,2018-10-21,1730b06eaacccacaf35de7c415c304e4e731dbce06ce8a573ffc49d6ad956d0b
401,03ae52b6f252a93d2610026e5b01674ce0d11be7bf76929f20838352aec90998,1,401,34015,2004-12-12,cc98bda3770734887404521bec0192967e0ff40c622d6a05dcb32050f26aa839
402,58fdd0388bd44cbcf720d7ce8e790dcd3aa4b938f73a24bf4194b70c77323091,1,402,15541,2017-07-14,13e0528b79002d74ca324a13960c45db04a8636b1a19c8489216b0e01eba5847
403,5162e00fe83ac53ea7f07aae058e95c9cb814bb79c6a66f79292629623a4bf86,1,403,69700,2009-03-08,f7f48475bdad14db54a8659a1a728ef48d1ae63fbaf3a5ffc44c1052e6f113d1
404,f969790edd8f2570bf1e3dd0c50d7625b5a21b3224f39647f29760d1cb75f458,3,404,88419,2010-01-26,e64c1ddcd2d12469b460e3c654e0a804ea10648317a2580592642ff90890b562
405,27360dc755c21ac146ccf9d605dda0ee286c69cbf6a02cd67642f5d35c86cd89,3,405,16143,2011-03-22,74ed8ca63e8b4fb8b8ac06e8df400f098b0b09cf1b89c8a331e72e1919b57bd4
406,b55171c3ab58e8b6dd92af94466255c08d20e5a108f85bc2537c291ef94fcb58,1,406,97285,2009-01-13,64b09e2f1fa9ce903d2ce6b30c35de1f1122d319900068d518de8e0f459ff45b
407,774bf09cbeb1e4a87c81f771725e286bbd264b871e1945fbb16fc42528f3e7b6,3,407,25985,2015-11-28,ce83293c66150ed42f52747cca6a91b85332c740cde625195b15f1abb4b90196
408,f507cf3518b1e5196d5ee4e71d7efe22505a6098acd0660d169644b65e170081,3,408,79533,2011-02-02,95ea8c095efab738ae4fd713b887758c2983453ba643863e44d1fa04ccaf04dd
409,5549294e03e4cdd5aac1e32d5df3ef8cd080434b720742f8e55e9fe7f40a7683,1,409,55929,2003-08-22,a4c0e96baf7347ad77a233c03301227e8b74533df34c816f9b862e8195da1b14
410,ed9779e0d654b8dcb2d08e85ddbe9f06ac67752be90810c45b10ec597f1dcd64,1,410,60806,2007-02-22,9014d548fd6649fc8c8ac34a051607740c3517fccb6315dd7ccc7e0a1fc688f8
411,c4833bbfe34204b6b19fe82256744c65cb0b98005cc6f643ee51704445567d98,3,411,76791,2004-08-01,e295700f573734f71b01b2a8ae608586c02a564ec3795550ee2dd95f6f38aa8a
412,d3a34986151d6f8a940f9200a84adbace59417b051e3d2292714217eb6b11ffc,3,412,81496,2012-04-26,03b83534fb9bbd9525ae3d9759a22def80897540c6c402bc452690585d57e505
413,ab923b1d27886ab03ae6034bc5320297e8750e7c5d894eadccf22812bb4a49a7,3,413,28761,2017-06-14,a78a64d5caf8a0e1b3cad794c225ddd57deb2ffaf39a4d73e9973203aec7d022
414,e42bec5d73951d246ac631d01b20efb666827e2b411c9d00ea87d23cd343d09e,2,414,43237,2010-05-17,b56723f1463638b91834096473fe9d23da21fddbca9f6eef32ba28a45365b888
415,4c79c3fdc9edf88cb65b42daf190df597f6df6915fba48b695190760dbeb4010,2,415,84343,2013-12-25,ea793c77268ee716a6ea6d67f85135e69b29458f8864594f054bb4c23e574e79
416,e6e0fa292855ec3bdc3eebd08d6b8495708ae1e131f26dfc5895c948618d16dd,1,416,73378,2015-12-17,b8044b04302d760305b008520892997750ee61bbbe81b762cfc2cb22c47c5e24
417,059cf7e92771740a30f8931b4f1cefd1af3aa13fdc9cc3bec015f12a07699081,3,417,38353,2002-01-24,7cfa7cc617748dfac47f391b7ae43d25a3d039fddf30161161fb9eeb8a3793f2
418,dfec7def4dd4944bb9ef6c7ed4a9867a192daeb1fb362c4fb1743dd4f6b03c25,3,418,57930,2020-08-20,dc922c11000b0bc37bd45ae9d701645713b90853c601c6728322280bc52f91ea
419,dfcc51b814a17a19e3a779e8619a7b9a61dced6f4ce7a566127da0e21f3a7046,1,419,32665,2016-08-16,695cfa1648300df5f88e823967dee08d82e6ad0cd71e533494c591a921d78565
420,3e2d57fd5f9c3e701517c425797741994ed2a9ed6aaa67645b46759959fe1569,3,420,17454,2010-11-19,0a1954a487177cc717104d967eb5962ee5c14970ef7f06a9e24b0363cdc6a334
421,3648025d0edfea52b18cc68ed07421b90dad67146b5de9ce84d88658bf975fb7,3,421,47518,2005-06-22,19f2fb46a8b8dc3ca62c453fbd22cd6051cd6dcebefa103a15ee40c93b022d0d
422,bfadb443bc5bc30b4932bb6a5bedb9360092f1986896ada2fa5e43a494fbbb29,2,422,8271,2018-12-14,3b7dc65fd47fd991000d80844da28c8699590a1cb30988782bcade39f67794c1
423,0bcaa83888dfef2410fd02554142c752a9fdc6843858a4a17873750458ebfc4a,1,423,84835,2003-03-25,9584a5cc5072aba28fded0a85087f95669668be3c443138f043fae28b4172f54
424,5d1080d9012b5d1d7e25b5de7ba020c7d26443a46763968463c8aa594c564cf8,1,424,28216,2015-11-16,110809c6a68d2c282ec2b379100334253c975c55dd11f4d8552a4ff9bdafc0f4
425,c234e1e0b02ff9d1e05872505bfaf79b89658b2ea49f0d9b967f28043f6bef8d,2,425,52752,2016-02-11,c8510a59a22d9e4348804b72e05a348ff42b7d1baa7e671b117f2aac866b1890
426,924a18b8dc77173f3ca678f8bcdc83935a1b7d39ec7e0ee8fbea3ee16db18410,2,426,46652,2005-10-30,a5ddfae235a97992e767fc437a48dd84bca0cba6904654ebc464f8e93508d322
427,fd360c74fe9b07cdc25d83579c82f58d76288beb3c666ebd4d7353cd2ca37eed,3,427,4755,2013-02-14,0f179fbfd346fdd67b2f7276afcef7e3b617e71e86088ae47bc5cec86d9e5594
428,6464736037dceb68ef2377adf3875f727589946b50acbc4d65750d242531aeac,2,428,21452,2021-09-18,e7bf10c44f4b9e2019beb9b8401e859348e2779323c227a1008b9720e11d7d6a
429,6f26fd318adb1158facd3182df015361dce1f4331db61027998060ebcc206c09,1,429,78652,2006-05-20,ff6cc8db0e26901e0c88e5a3cf23f25fd953035362f80bc73ce2730bcf618fbe
430,847e30ff270e3dc9b7b1fa5145d60d3db52ebc5f6f38de8fa0ce2d4177612b52,3,430,35620,2005-11-14,393f48c2135ae1bdff71d9cec298101d4af6ac8429c8ee87a968baae82bddecb
431,e10bf7931578228f02452aa4f3ccebd610a739cd2b24a4dcfdc7c29c09d02eda,3,431,28974,2006-06-25,07e1906a4c417ea7ab30a689b028d37c02396bf7a58f5c943f4ec887161b084e
432,6907b18b97ac55d802605f65ee29399c75c25c74dc84e7c5e6f6bd8b50ccf77a,1,432,79388,2007-10-19,ee2bcaa510c8fa88f4514b6bc290ca81d5f6a36e6ad85db8d4db890a13ed3e44
433,6dab7d0b26c75bbf83580005fd75b24f663abe8bc9ea91a12d1bc75c09bd7628,1,433,32478,2002-01-24,06ec5903c24f57b2308a0d7cdd966bf9375ea92c18e3617f24f3d584d516d77c
434,9c122568a239b76bbe37cf44329164f31342ada2e7a8043bbfeb1b87518cf195,3,434,64211,2008-03-01,6a931c05e0cd445e38fe716263a76e459b32c64de3473482924685f8708443b3
435,497718959f067bb26df23435ec4d97df73440e940536ffa3917cdf0d0c34cdb6,1,435,7938,2000-09-10,8caeb7558c53eb3f06fb18206fb01cc4eace66aa8fe8cd49495599966622fb10
436,3fc1ace57729d2b869b2cd8da759ba2746084ce96a9343abe7f94b0ebeb7acd6,3,436,24728,2020-11-10,a68a5f2e3a4446bfff75a9f9f29d76730a207b273b09c6cb15c314054e46d359
437,bb06fa58d0a9c370a7787c120c498cc2c9dd3cfd5ecc677488d238360bb1fa6b,1,437,62572,2009-02-25,c9e9185c5f86c372496d75e4b868b598e6d8785c8025f940f5e6b68b1d431187
438,95031253eb683175a8d5f43a042d76ea95ac8fc755e66675cadf409bc3ad62a3,3,438,99599,2001-05-10,05c89a89d783d4b86f0fdafe5d2a4eb3efc5db95e5ca5c1712dcdeced920fcb4
439,1f9213522f39af3fd30dc0d65270702cb9a17c6a8f50d9162d2f6092555bfc7b,2,439,96789,2016-10-07,7deef068fe937f6dcc2098c04bfea863983b6799a91010cde91a2d19eaa63ed1
440,5d33ec85b7bec4db34c2ceac4b93cb4cf093f2cf75a1c348612d7fabdc5a7471,2,440,47704,2004-11-02,dacd7a0c27ed8860507b908ebffc4d46c80ade232cb8f859beffdc76e4764419
441,6729b538393420d5e60a50847ea2f660fc128e6f76f09eef1e57b58a818bd0ec,2,441,9510,2022-01-07,7de53cf657da848963be4fda0b9010231f6df1bb0088967f50865a61cd152ba6
442,76ebea5d1843b04dfc314078047edd88a2d285b5da9c27428c258391bd1650e1,1,442,50812,2016-01-07,8ed5f6c97c680e72cf3da76cc9ccbfb92c01ff74185d2883072fcc7be0d3fdb6
443,ac71bac6ce0e1587799d70f5331599890da06019f57366698194d5c44658cab4,3,443,36721,2023-01-16,827b15ba7211184de65f84ab775bd7476c9381e4f57049c6ef891e4c11d87011
444,494b5e0a928c46b78bc40ea5ee0eb31fbe3b896ee31bee201a9e089c4f07a032,1,444,6773,2015-08-13,8d99af9470d4a657fffebc88104b660ffa8a3968ea860cf1f4df8705132951c1
445,bcc3360c26dae3762ae651f0e46f257b63e84b71e6f15f920bfbf1b861ba07a8,2,445,40430,2003-02-07,6b296ae2c02ffd2e6b86e83663e850fe996756769951db50f53608ac21b102fa
446,6769517eb2223410ebd902fec17faf8df9d4d9ef211c356f929212f7111f2ffb,1,446,66053,2015-04-16,407e2aa5404fcd11b1c29ff8a234dfa1a5a8640d345b1dd9376d0b605874a192
447,44c20e8de4530bc6d092130a4c104c961bbbeaa123eb6ccd0aca6f45e09450c8,3,447,62968,2006-04-19,674964fc7b14e1139b3b322128f48284e20c9ddecb7e241c60a64478c60f6af4
448,ca4d5fea7ff2ac767d2e479bb732b35ec30c3521d50608bfdb08751b892f4f61,3,448,9047,2012-10-06,66f7336802f0ce5836eeaf2ce8eae334459e179f6772ab66d4ff9093bcce091a
449,c0ef66267c7104a5392714bf5b19d7901d9c8c7ef3979660fb73856526bb9d0e,1,449,99425,2012-10-24,1d5c7950456da4545610dc96ef540bf2b6fb5437ab023f2d7790bd0f7df3054b
450,7f0a8ed3867cec5b37db4564e3a621d34ced97c7e68897b8d1ecaa4f515fc073,1,450,83515,2006-03-12,2cf1e23f79529ac8f376af8c1273461841891768076f4bfdbc24cf8c8900ffc7
451,63fa51f4a2280c6846a71ac1a6ea54a3ee0386d61139a18ee62fca1edf9733e8,2,451,88283,2013-08-28,ebde75f9327fb4a2102567374fb581704ccb18c310f2d397cad102584795a71a
452,a3ccb2812cc7d05be28bff2374f8cc3d2d944b97b3d85e2910219144809eba0d,2,452,25680,2010-11-12,95ce2ca4f8bc70816061e3fed6c829a5a012bd6bffe3d76c6d7aa3bc9ac2906a
453,e8dd5715bbf98d0253bc7c05b594475d9b9fea431421ad67c864ebf72bcaeb47,3,453,69593,2000-12-21,a580b9f3d1a98f97603c83d8fec5bb003037be4de68763bb41f1092884ed9979
454,a032ca26e9916ad4b6b58d123f451f45717e3c47c603f8c4076879cdc2962a17,1,454,57618,2000-04-21,0e80133b868308bd6ffe90b9ee5a5ae5aa37756ca76ee1912de5adb54919c4b7
455,ab4327384d00614ab143c3cffaea657e1579277572132f8fa85fc4fc5744cee6,1,455,81397,2003-07-13,b16e9dcdc5bf3057cdca3d4a8ca6a66a48ac59fb7a2baefc3953f9500a3e6345
456,9c1029644dc0088bb4b97165ec5eb309e93fb0ab8532c56d17792d217f9c009e,1,456,10510,2001-04-02,8a30f2af5db424a81f3fd0ca89d9f3e6fc723f88e92020934e4abf52e3a44467
457,b2a079f2cc0062986405e7d15827f91aff6b75d240257f33ae87f804680279c5,2,457,57595,2003-08-01,41ff644173fbf404cb811f0f97ba52d6309efd2e450e6bf059a7770d1838a954
458,fe2f2b4d87e1e84bb48d24beb445df605aea08a55a906dd3a5e9978b86f896fa,2,458,96200,2000-12-30,e3d6c4d4599e00882384ca981ee287ed961fa5f3828e2adb5e9ea890ab0d0525
459,16898826d1a7634a51d5e8f3479055f71e98fcc5a2a76e5c8c51d356f026acd0,2,459,2231,2021-11-28,35a9e381b1a27567549b5f8a6f783c167ebf809f1c4d6a9e367240484d8ce281
460,8fcf80eb5cfbb2a3eebed918601a1813f7b3c99308e1e60b1fd57144a11acb59,3,460,62185,2001-06-23,b393b19e6e99a85c8aba702e7d2bb564defcbff4a46295910d8f868ed1838d14
461,53d29138ccb7f89ff235a8e62e0d4862d0805f0ac86d6eaa36f3cc4756d6fb61,1,461,25795,2013-09-11,f8818b67ab25419ad5b1bd61440573498e0785aad6c634c987fe5a637570f464
462,76a94fa435ec35cd9e85cce5ef01b1686d2dfc39158784b55f29b6bd9a3c83f9,2,462,72640,2012-07-14,0622caefe523d249d6e110679c72ece4c98a42914ec41ae3d14db3c3e821f1e6
463,3c18f79928454973141e43ccb54e4673ce00505b4591fe5d1539cf6c2475c603,2,463,50630,2012-02-21,b9e05be1929c704fc6b0c13bfb4bb3d0243bf862da4f7dfd50daee67417f881f
464,c3bdcad4dc0da5dd68517e47d946e81b7d08035145882ddfe3828fcafaf99d8e,1,464,47403,2000-04-20,6fb31fd9a38ed097d780044c101429277210646da7ab4bf63ccb334429611dac
465,9657e5e94690bd254b16a2864b0e39787645a269086a59f3312e3fc1bf99950e,3,465,86286,2005-12-01,41a10975fa90e18aff2ccc420877ff45910b35bc6b8f98e8ec661b4cb02be1e7
466,cc706aff739e29edaf46df7f3ebaf53c096e90ce5bb0e8823c8fbdac10a458bd,1,466,7689,2002-05-05,8cd412b2cd8883163000ebfff829e8e083ffc668d9b6a6c4ed3d0e94b0bcc12b
467,bf29b0a873aaaf73c51ddc0f45fbe98fff19ccde94b3df6e6edc210c3399ebad,1,467,38963,2020-05-06,05a923bfeba80f8e48a6f58813a45784506a0f4d1a29dd5ed4c96b968c1def0b
468,f89c86c0eccb4aae8d3b3f1048aca3e4c69f32ae707023ad7285e10c350eceb6,3,468,39383,2018-03-18,62ca415a26028203ddfe9ca9ef884dc7d715de4a11ecd086919fbf472cd39b6d
469,19e96edbab35cacb964c992a8c6eb029053f6b0223409af5b02c0dd4034ab221,3,469,36266,2011-01-05,18c76c25cd31d4b1d84bf5bc8391b89cb74596033a486b8166e4d21416f924e4
470,86ca34e0c486bbe14dbd96f13d96b27a55374a078645e28719414c5770c1f9e4,3,470,36551,2000-01-24,d600de705150612277d040eff8279c2f002e36c5b8a082a328831045d086298b
471,8123407814f7b9af83ed22b4563d4f5a77e31228aeb53ea1767296f2f2554d82,3,471,73185,2007-09-19,48002b47ecdcaeb4828400130c7d77959319f9ae612dfbd03a91f7422c093ac7
472,76a19f4d8fb23df63e9a51344807cb74c92bfec4b27b687950c241cfe78706af,1,472,51484,2004-01-17,e4757ae3cdfd5e67b4747bfbbb47c58f5e36e703c597e7e88b3e6ed97e7da7b1
473,66ed41a9e4d562802e598a396545f3afa6b97a39a35a1d6e809d1f5660b17005,2,473,16813,2006-03-04,be79fb1513c1a6786fee514314921b879ad95d831e98610ae128bc66c57679ab
474,7ecaa3aaa334e1edb4ff116b37fc2fb9d63438a71c4e88845c848b1cbfbcbbef,3,474,67194,2010-05-04,e21e3cd278a0344c5043183a7e258ba8438bf0786d12f12e3191271eb8736afa
475,4cf9a237912ba13f2a3653a72782bfe2ab5b902c74d8c00d59f75b953665a412,2,475,27804,2019-01-31,69f59c273b6e669ac32a6dd5e1b2cb63333d8b004f9696447aee2d422ce63763
476,8e085162cbf7e7e5927f6cb4e331d88d475c18e114dd57df75769cd90e35f53e,3,476,42674,2000-08-02,04abd0de56f959df42be7b992efcbad12dc6ef4a0f677e9388ea97d36c81fc2a
477,743f06c543c83ab7989633437040eaf7169593a362bfc63716c58ebd238b7e8e,2,477,31552,2000-10-22,28581d531e43b8d02524243d879a9b8a91c762f312e2819ba305a9f45a33c106
478,f3111368f5539ad8934597e092e690131d5ee90b51c1fadf0e662b87867e610f,2,478,49371,2023-07-01,289f103d2c859635b6020a4a380ebae16bd4f40dec29eb4738317fecc8c20050
479,981a968fa5b7574880c392f26028e3e40a389bc674d96d116a98aa9963afa07e,1,479,1585,2017-04-29,0e78437805639c14d6413de94c031fd1babdb561b7728d31ae06bfc5ff1766d4
480,1adfabe33ec7f5fd351f4118f14ee6cd431bef068ad272efaff146419be617a9,1,480,91815,2016-03-22,20778926eb6518080fcb91c9c70220e51a39a0069fd72f08898c6a08ea51c7cc
481,9092c1f287baf3de2a49271f95a83de6ec20771576b845d63d5a45b9fd8f5eee,1,481,48869,2018-03-25,7a43058ed36440f49175ef270bd8666d1328683126deddd735e4a49971fac61a
482,9a57124f41a29b8a95be4b4ac339885ccf0fbcb7162c8f48ef78f0581030a228,3,482,15875,2016-11-20,08836a0a5248698d7b0e7da70f4b671bde78155ec7415967e75740459e0f1f31
483,16e8d9e3a6f839d9fcbeafc6428832c9b2caa384631148109909cea4f38e02d3,2,483,41091,2004-01-10,476d942dbf60c411f943f29ee0751c2e2eba3fc4ab24ec7595908c21c79c1215
484,1c21a6679d77f5ca6e1f452a12c863e6b929f7d6cf5a07f6e5f139c9b219500f,1,484,1498,2003-12-08,abbb9233cee3e720b2a86acf4ad04e51a670a7e762f301f0fc5b64b8794c30cd
485,2e10106cebe5b17bff078963bc8ac3e7b51997afb67ac828c3ed1ec4d842ac46,2,485,87991,2010-02-15,fa9f2961d55aa1bf4b7a9610f6b5e4c61ea553e2cc7947df6b7debd54b5ee9a0
486,f1df43b4d932f0f763a9062d72b848791c6d4dd850128f814aa9bddb86893986,2,486,55207,2003-02-06,6d7f68c6bb26c8342bf3a3e21bb30c4a24aa6ccd9d3319af32684e6641052dcd
487,0c9d3f94ec01658bb4bdf48d657698482d5755b227e1175f926ee84f2bf1631b,2,487,16390,2014-09-30,283fb243c9b850e793642fabf71dc861907f87eaf0033267fe3fee0beb04cc76
488,21fd6d2dbd229fd4f0788c9807d9ac1fb77f732aba0fa8198051e06d750f506d,2,488,63481,2005-07-15,d6af4cf95fa192ac28398efbb60c42f8c79ec4dabebdb659e2b4a99c8114b735
489,3d87e7f8213f345853a8ce5834d2dbee444f00eaff542f7fb026b37821094b4e,1,489,24441,2011-08-05,6604ce9c6b650a55c404de5118d2ffa0b8cfa2fc714165ae02235066b92adaf3
490,e7dd422086f96ffb96e0a507886fbefb022b4e8f5b0307bc8536e100aa006d81,1,490,14467,2003-07-10,0d685d0e6c2a2d4513de2125b3acec7650aef3fa246f77d9ed2ca120e3db297d
491,f6942ca67c646e011c3e903128e40757ee82ea28d0e7eefdf9ebe4049d6f4bfc,3,491,39680,2002-05-31,a4ff4ad76e83d465bed01138a14bfc1d9c28674f7297189ff1819c363cf49db1
492,50f6352d8a8cfd849102525663b890b073387fc180d9ded6056e5ddb06a37817,2,492,8926,2015-10-12,85847f141afd4fa068d83dadd5ef78c1a6a5d7f5cbf8923b0c9ee47ea6bccb74
493,51eed178b25e5e49074e7334a30b85d31d7e825f3d490dd4c3c3822673782641,2,493,87503,2002-03-07,618b67dbb3a8979fcaa5530902314ec53846264bda45e60a8666e6a7ba711183
494,ab928f41bcb68ab15a348ebf8e428afb8d14b66c6fcc4d85c16931c980778cc1,1,494,63979,2015-03-03,17bcef2b83e98410c6e2a1db76a2495e23d61fc5bbfafadba60410d778758be6
495,0ac18f7818af879f8804e642ec05317ce5a333f8675d8fc3c8e2190de4820b4a,3,495,70628,2004-07-30,7bd341f08056de72d77d24aa5bc681dcb485b628df4fd03179e30ee2bc01f097
496,80cc8e65f0c01c9f07f36c584eff336e0e2ec389399aa25bee855fdb96825e45,3,496,86114,2014-07-06,53be8cf2409ee7943ea1d666f8272d6665091a81d72ce047886903da3bfec099
497,1cbd2594411a3c440910ab3acab7f218f12da796603e6cfe941c4ffb89eb1987,2,497,23188,2005-12-04,d2e5136cbf142478fa4d2c8f0a088953814914f54cfe7199a6b8cc649f93dda0
498,56ed780c2719fd67e62761d0384668b4d046cf9a2f341a67516a68f1750c95dc,2,498,22084,2009-08-06,7e7d333c0af0cac72e8e513fdd864070d8758c8c271cbf22be247e826173c6c6
499,6ee088d587f1917f318807b43f6dd2639f9d1ea16671fe35c7307d3abb224e0a,1,499,36455,2002-06-01,cc6aed2709b80e146bebc151f1cf1dec5e323b58148535a433529155030e3a52
500,9a4d49a34100df72917998ef5d1cd3c7999e6640403cc8fe579d2aab132a04df,1,500,45878,2012-08-08,a6a357a66d452e04c523ab0019622faea6b95c1e7bd65268327bbc7270dadcf1
501,c6ed2f47f939a914c7d98b76981ef2fbc782b2e9feb019c58afcc3e7477b74e2,3,501,71995,2007-02-16,4ccb5ef0208e78fc6fdcd4746af621028c6db623b7425883f35d2e9fef304294
502,f90c5c5f3fb7e9f51f104d596934f55baf91a164659eb603cb20b55d5c133d51,3,502,57006,2020-11-08,1105be149b397c5a7ce91c685712fa44b1489d67115512281e6b3d7479981d84
503,0fea3b6f14be90b4955c1452d1c6264315729eacf8d6d689a72f21eac2545228,3,503,88426,2019-02-02,60233e3a4297864378bda6fc5719512054a26e26db9c1e9155d6c7ec0840ea7e
504,1b1f1fa5c62d2f3c76bf295208a547da53c39099f20547a09ae11cfdc127abe2,3,504,9563,2013-09-02,eb0d2bc9f8cff3b74a6e9c39acdbf2f7d05dbf31dfb0d0fad5914640bdabf3d7
505,0af6f09e2359fdcd8559b58d9e0151b2b5f3607d0e0042e03af0e9a6f171c0e7,2,505,66636,2012-10-08,f9fecb0821d6e947f413d3fead90c6ab855994e683f5e167f51f5da463074480
506,742dcc156751619d4acd3f3ee1fed0f7d3e2cfffa273298437bbd60190264fd6,1,506,76279,2022-08-18,f65b1acda16a78d51b2e7ae34c05bad75aea1ff5163b8dc0cf704806ffc09bc6
507,5a43b14416d952aa39e3eb1355ef7fb71b19c148d01fd9485b7b1902b153882d,1,507,14492,2022-07-24,295c4d1595596d3980b290fe876449463b8b87397cd13414fd6209a7ffe26eea
508,17fcd1cf7892ac715abb57bb4872ef641e14be3e1a4da7242a40256cb6625764,1,508,6966,2011-10-31,bc57590a33fe355e174396df60ac503f8e99763776307dcd8b9ce8dfe3c47a2a
509,c0461b3f497f98539ad92cb009e3cb41dd5f50fa34f78fcdf7bd408022f3fbdc,1,509,48342,2014-03-10,a93bca50b8964527cad4d5e13cb80173596c0faaf5cb5aa19868f00c36f7ffd4
510,fd8bf484a47ca3104c14ed6a4f782cae4f7300eb2cbeb6b0b5d2719ad2dc528c,2,510,34870,2003-06-15,94368187910d1d89cfbb81e4d217b0de07f45b200a05478fbc65aa95e9f51d38
511,fde69695dab441cfabbbdf725228b060a8e71b48e745428b8b1dc49bdc4e709b,2,511,55766,2000-05-25,61129c2b28ff3b01e81d62b608435678a79f396546da44e8a1cd515896b3c0a9
512,3c9127bf09758cafea6a7b758ab65712ea921988d7156845b2cd514deccff7e1,2,512,60827,2003-04-16,09322a724c4dd12762f19d4a92200d3c4749f794baba23da07f13657408b464a
513,61f83d8dbcfa75bc770746830dd730f59f12554b649da908510cccf13a6d0a78,1,513,17662,2009-03-28,e1fc519d56a8021399e6ad80fdfec6cd4635b250a44559eee5ffe80945492f2e
514,7333edf8298328b9ae1b483fee88913073eef9fccc988d26ce4f2553e39fccdd,3,514,78659,2002-09-20,67809f41164d35fb33eb675fb064cc1bcc72aeeb468603c706a80010c4ef359b
515,a453b5bf2f1d31fda91f5a928b392e933136c46017bfa889bb6ec7f4402b00cc,2,515,51804,2021-08-07,7c3c0c742b8f69880659069baaabce16ee72c89f6b651e32b483182ac08994c1
516,b09ae8217d3c90e98dea3790128d0f21ac494600cc3b49c909c8748fdb667590,1,516,39959,2003-12-13,0f6004b615adbb8aec4666409a15fc8ddf8e14eea506cf08a8f3d7385c16fe9d
517,16cbf88b6b096115355292eeb04d30281c0769c5458bf96787005f0ed31059db,1,517,50953,2005-02-13,61740ed70a0e3fe8d9b05258b05c7652a5849946520533f6bf0285829817355d
518,3192933d043a6eaf7c7170ca15027f492b1e1720804a36c1c0817a97642e26f1,3,518,21434,2009-04-21,fb87e6cf60af08595bd9fcf1f006a12f1338cb4480acea383b3b65da10bb9f28
519,2205e95b4158d7838d9ea6709fa553c7a4c9bf639e86204c3dc230f2e9eeea0a,2,519,64584,2009-03-10,b0c9e7a9e1f907bf5467b7510ad9bace032388f6fd76f7dbddf4d64bdf758dc5
520,5ae230235a6db190bd9f58a49e28cf8d19e71cf18d93d4a246efbdd63859bf37,1,520,44591,2021-05-08,1e05e94f3dc87bcad898f8b5dba5df7c9f1567de45c37df14c3b9abfd00444e8
521,a88f9cc51ae6dbaf2b7abfaac1f45d603ae65d9daf3806979bf628fc5be60382,2,521,3894,2011-02-28,40f8d6d22b99ea3388538fd60bbf532256434b0eac401df1d9a2bdbb29354ae8
522,0d0e5423ede99d358683b7f819dca676f87b70d51e6a551ac5a3cd1fed0ac308,2,522,62858,2014-10-09,d06604bf85d6531701c6ecdf3ffeef9a80f38902986db2bf6316d8effeb9cff3
523,1f7db0ad7678bfbfa8492dd60381949b6106d9a3141808e6c191b5e40c395620,2,523,15481,2007-06-01,93bad48c1cec2fd81754d3b51b5bd2e53b4c838721f2019f15e9ecd20f0ddd88
524,e2dedec08eb54c538de67581d13dc3c8a99f5957186c23ccefd2d0356866f05f,2,524,11005,2011-06-11,02f7cd8e067c019d51c9d30640856b1af5f12ab6331f17072fd348e200c0756a
525,49ae00fbaaad928c7c8b8bf9fda17324e4b19a829307c0bf18b344f14c335ef8,1,525,4753,2007-05-10,7902699be42c8a8e46fbbb4501726517e86b22c56a189f7625a6da49081b2451
526,bac7b124e7fbe179af0d0ca19d946fe06d4b4186e1066d9919605234af3e4fdb,3,526,51189,2011-12-17,1869d5a42424bf1fc1657a8529017463c034a5f155d7b1c9d131708fa1e1d7f7
527,11a2b7d58120d729d3560658bb151ed60cf84ebd491932180ae7bc59747a2a54,3,527,79287,2001-11-04,48681f8e7337a471c2a678d046724ee734d0e259fdca6c56c634e91b69a620ee
528,937bb46cbe96989cf94892da0ce7aee022135179197b54461f7f51665759902e,2,528,55911,2004-10-03,f525eef4f03ab81983392564bc44fea01267b8cd44fc5fd45f1974cb9a6bcd46
529,b3090d16bba9d07a109f476c3146a4536c3654f306daaac938f484f78b2821ce,1,529,86032,2008-07-21,65c4180a4544b30cc061a16d8defd154029acd948692188def47a04275e0678c
530,fd76920dcd9aceb36778e7c6d6fef93438a28227569bfe64f542ca8f55c2c47f,1,530,61617,2014-12-14,1e93c179784de8aec16f9bb9b7d0345f7f03e3ffbfdc575a76957a70a6352459
531,2be855cbea9a29e89bbd0cdd1b81cd4f081ec6fc1eac2fc2f8cbc85168b7fe44,1,531,27755,2015-01-20,b4a9c08c7e840429f7052b8376845c6f0f03895b369913d4feca19413b27358a
532,60935a3c677826caa71c9597652423ca04e008a4183f86f4beb75dc7d9acd2ce,2,532,19630,2010-10-12,451bba1845d5d21674e0033b710c7ae67864b6c35741eb9094e3cb973b848653
533,91210491042300e1725fd5cf52a1a021cea3e11b1efd9c38ff848d8d333a20b9,2,533,13229,2010-09-11,7257ea14d41bf12099c351852842b7faae931533920e52645392d62618d4be7f
534,eb5b899d928a7c77ee187a27263cc0d6df87e29269213f892ee3fd1216304166,3,534,10909,2004-07-29,cf3ff1a00fa1836509df654dd27e81bd2e64b6ee293b26a7b96817388e44a711
535,f640d296a424ee6bdd3c7c37aaf4c5129f01e050638980726dfea96ee962e872,1,535,51567,2018-07-07,4fb0f14581cf83eedb70651d8982f86f197e1efb8e5f04a1714fcf97a3dd54c4
536,8ee7588bd18a27b0c7864d75fe8a786a77f4334baa0341399739a408ecb5e71c,2,536,20961,2016-05-24,5f65bd0309b05d2a595c7067618d833c4bc7a3ef720f715857c413512de1b0c2
537,9588e6fc61c7556e6ccce27593b94a5d1e23767620c4b68bc5dd46185ebe33df,3,537,59578,2015-10-03,77408cc54e3b56a0a554600da6d54464834ee3113ec7cb5d206f53cbef4a4e6e
538,346ea47e82b6ab427c15f44a6b3a2a57a8123dd0bf44f334687295052873509c,2,538,70685,2014-11-02,f6099cd819ff19db1cdbcd308866c5dc97b589a055481c96c0f6a9f7e1af9809
539,8f707f931dcd41d508a3bcacf0350743ae3538811901916aacb0358822915c95,1,539,73740,2003-10-03,89e92b9fbf50339c6f7bb900137359e45ad0c196bb5f6676dcdf8a162df0bdad
540,166a2252cf781f8cb0868ba4d9fe20daf8c64d3755b77649e9fcb50f8f058c4c,1,540,3146,2022-06-30,6b86b273ff34fce19d6b804eff5a3f5747ada4eaa22f1d49c01e52ddb7875b4b
541,97dbaec4715b6e9f48456c95aedac7f3e47170c182f93d6c7a6b3cc4d4e9e9c5,3,541,96585,2012-04-10,b7804c9b9803fc0abc9dfd3e542d69c9f29984d44fa168d9a2cbd450fece191b
542,2b224000dfeedd406365864949af3b3becc09bb0c4ca53210154555a2d588e57,2,542,20625,2002-11-06,a0869c71d5d3edb240ae3d132a0ff1d6be1c6468831710c4ce156d55e95c0190
543,02ce97e390577811486010ca3e1069c0f874f579363a663d71d02db01d9f76cf,1,543,79120,2023-05-20,4fbdf2a1b0806e97ef39bbebf5f63b20ec2160225988dd6a7630c473bd5832c8
544,ad785e2e4a32040f7e4852a5b08b92caf030ce04b6a2cb87c6f6c83bad942527,2,544,24564,2016-03-05,544101748cc0e2e64e48892f8d27a7fc83245f1a18c6b25f437eb626dbc1345a
545,230393d6e655f2d791224eaaf8a12677554aaae6be41174a0bd63946205bd1ff,3,545,34240,2015-02-02,facb6c1ee6b2dc3d0cc631a87ef6ec5c2ee939cf207bae1464a2691b45493077
546,c82f0331078928d17ed10355ea34c9dedf0967505639b37ec22b20cec9759a29,2,546,51104,2006-08-16,4c7f587018203c5f346122b22301a8587c9c270087a95622b10b4400dd0b4c01
547,7ee8e285d53159123be9d6e0ec0f3a6fcbe8b86dceac8aca243ae7d181b0c6a8,3,547,1888,2009-04-26,39e18a493b913441c12fac89a09f24958e5da0ff6f3300c80c5359f36e3223aa
548,e1e1815e7f04925851c6f5479fddf25b8e1432453b9db550161017568658e26a,1,548,31467,2006-06-09,bde25795dea6737db96e9b1595fd7972616230b11eb7f5479fd9a0647ea2f2b5
549,5f6497761a54a43e27ace7dcb028d4287a377821cfac7d4549229770a107ea9f,1,549,22672,2012-01-26,ee763a42d50fbbe9ddf43145d0cfc88e2b4409a1b961de59fa2c96949ac3084e
550,a2f6431d1084d05a37f77a6e064a7db92d2580e0c3b42a1d0adf47de6093a6e6,2,550,98960,2011-06-07,52b67fec538f6a101aeb78f4c7d3ea27e7de490ebb119b5e4180d229ed26f01a
551,9a68039eb4a1d83b7c0fcdc960318c77eb1239ce626b40bac6003e25839734c8,2,551,70527,2015-05-09,174276bb19cc8eb38d8aa56a1d8687620561ecbaa25a4525e479d59d4b4ff08e
552,1f18a349a0ace730e1e2556655ee224a4893b8ec0a0fa43405cfb6b6237e0c1f,3,552,38651,2022-11-05,65c49130da994ffbc175078afec91ee740101b144458b25282a31c54ef365cdf
553,451fd448acdc2812774d46a590f0739253ba4eb2dde8ad05ee3b9c197afcf123,1,553,6656,2019-09-20,396f804443825586c1283a27fdcadf74abb82008bcd9b260a30912a26563f27d
554,c0115c5fdcf4c5f1abf97d5ee7645f664df742d13796394bdb2b5f5537d93617,1,554,90945,2001-07-10,9e55234c278b2b2489a275d69e5c1115efeb37fa248cd054d4e55c8d13d80d6a
555,158859fbf56ab33fb4d473d6a3c84f5babb097f1df8b241e9e7c148e2591243b,2,555,28895,2010-04-21,3f7e05acc03b0893efd9bbb4990cd9d20b1451ab549633510c427f96c40e7143
556,c8253bdc6e84ec3dbab8f8d82c4b00383f5bf1b3a510729214c969eafae62978,2,556,67943,2009-05-09,d1962c36035b6504b5df009607845b3395900fd74d11c95d95b32073ac37c812
557,1c5e0888d3014895671215096ddbefaaa9f9c445df0d0448fa8df61a94f88f22,2,557,26772,2018-06-24,296ec13ba3175de648a24b766a207fe8795e8ff9fcd9975ed01e71a41f2ca9da
558,6587e8fda4d5b23c7154f93958260763db83f68863a0ae9b5a549bd2fdac654d,2,558,2117,2021-10-06,6f6a4e56098cfd9af29e3ae549503b370211a4e94421457fe4cfd39a38a1fa08
559,523a95d1bcbc6901c38ef0c09f090b48add1dcab05791ea41cdd6dc3e51e37b6,2,559,95127,2007-07-20,000f910e13e5d1b34df0a3a0fb537acaf513be60d650286e45dcdbd3d8e698f6
560,2a1b6d8e790a38888b92c2a65c79ad0f358b5f8b05d7f9aad5d77d0bb1229f8d,2,560,11132,2016-10-11,3fe9eb6564da9fb4b187ca4cc5110944704d53bde5691f3ea57d3fa53c7c7be3
561,396d5320c1d4fb579ff4d5f817378550ef9aa064ca990993d5185934731dea6c,3,561,76603,2005-10-12,648c55484d52ca32560d86bfcef3669b6ef7a4be31442dfc010668b7c756c96a
562,852fca7458d7e8fc9c7f0591b81a92977e176cef883ddbc4cc914010340bffa0,1,562,46426,2018-12-02,8cd22363819590885119185940eaa399130463ce0c17368715a0bc210cd8ecda
563,8ce6bd17c575f604b55544ca5538ea7b10530d1391cf22ea209ac67123be0a51,1,563,68693,2007-02-16,f957373d2a222c4eb2d4a1ff4cb458e3bebf9e8e6e6d09515d4e23c376f39647
564,ec62f50dde829e6e1c99fb1ed88479e175262e8957bfd585bb849871868ec941,3,564,16774,2019-12-01,c567607d29893662bb72b8e7297e62e8cc9fb86549fe623f494ffc8c68be9785
565,e2e48a310f7d5adf07f662b5fdb7c59f1738dc7f106291537c8aaca249c87f2a,2,565,49112,2007-05-20,8bff24e5384c81b46060403851270e3873960adf9bca932ee57f894cd58f8ce3
566,9f9364f36a06ed533d0786ab00a54d3ae76984086e254db62ba9ae164badb3ca,2,566,68804,2006-06-06,07745962e1309959d4e57b5330b48d31948eb092c838e0f793ca88a21ffe0dec
567,11ad362bd87c0dd28d491574a7874b0340c48aa8e7d951eb1c3e01d29d89b6f8,3,567,82185,2011-11-29,b86b1aeac259e5c56019b9ce45f473429168a5586b43572e708a0b57cc7dc8a0
568,b9feeaab61b9bcbe73ca0eca10294404421f5f6de67e8c570b46f609655b02f6,3,568,73534,2015-04-20,573e9cd47098d1c5e8b25a7f5be4cc9d2b5fde0cd9a3746a281feec8e84a5922
569,0ef1938ca975e2b5517af8989a198d245c0497149c98986a6f8979764b35002b,3,569,73884,2011-08-11,5d3e1ca9f0f361355ba867186e83603dbfa98061cacde7b4f2b716a2a0da301d
570,b16e712bbfdb82deb95ce1d92f9de34f8abe431bbe7540f3b1e914a5faafcd66,1,570,41720,2013-12-25,e1572cbfa6acbb69ac8a5455323569fd54a4a9da4f966323991f904a251482a2
571,53ef7c06fcec9ee81b54fe34dd07d5f1af012112d508ffd5bd1e2a2ed0217b4c,2,571,84497,2008-06-17,0a35c87fd5107aa549523f69cb0823bbb64cdec73bd0d10fb692f1e54bd26c18
572,f4365cd3edcbd5d56fde37a2bab61e612a1746d0fcd83ba02e85b7540342c7a6,1,572,3567,2021-06-18,120e90dfb21d132a40c6281f8c8f25331969559e200f589bfe8e775e333b5b3a
573,704a1c684f803c4f04020f21e73cbcfa804b9cef694c7540c7524d994da308b0,1,573,69391,2008-07-10,bd4dc96075e20026ca0d0d7768df1545703c1f6a351985bea8df8e7487213b81
574,b82734371f37dffc65661c202cc8580ba9e7819eccbf2861bf6fef6db222b57a,1,574,24408,2016-03-05,4288a86243d8d8898e9d6f3f0082a8a60bb8fe0503624f1bb6b280db76ca51a6
575,562f4013b3c1229fcd6ffa6bf36068b025e44c5ea4fe24856fae8f913eab5621,2,575,6991,2009-05-19,b5e7b0e5f7d0943095d90ae051680ea2098536a35550586a3b6fbea8d8fded6b
576,b2ffe197562a86320cb299957ca8d1234a8281083ee20039e1d0e02641fae7be,3,576,53868,2001-01-11,76df1d3ec1748690b596cdd76bb1246db06b853cbe11782b83874f3caaa394a1
577,3a02d4a1ff92519c6df519e5f83c461f411e354b69d398285abab769480923a6,3,577,33974,2003-08-06,be4f4b1608d663e58209f83ab38fd99397dc507eb01ac76a0bf4350bdab66d32
578,b8c87aebd74a6f54007a4d7935ecf49abb14ebfbf4fabfb67bb4aaac3ed1246d,3,578,82333,2004-11-09,b1e87091973cce69f6d2a74de5ea16b580b23496b4f456e722a80d359afa799b
579,2a966d337db8d3e27e7d9bc7e807c2cc47ddc7ed4e1386ad737c49caa50bc29a,1,579,49375,2006-10-28,6e7b265426c39bd5b29021b7423d28c8508f28fbbe22425b27b72c1ec4244607
580,e6d9375f65dfceedc0aab5fd8e0aa3ee19f185cbfeb064e559a4b6a084dfdc11,1,580,5453,2005-04-23,7c22d3cf6ebfa987c5fcd920a272f0079cdde214a504d7bb2efc3df4a7473b72
581,d4a2803d6a8e2dd0487b20a8e1bbf9828c3fef03f20d7ea36da0c02fd17cfe60,1,581,29824,2011-07-15,abf4924e9383e3df4afa54b43241cf555c95ab8718166e11cdc33ce088fe8b27
582,0873ac1352e047a686d7c311547012bfa6ae1e243164377e4de141bf81072c16,3,582,97790,2009-06-26,77a2d8af31f40117c9056f04fea89691fba76fb89045fcc71832a44a052c3796
583,cc7c8906c7776b9dd1ceceb4f83d16f64876482485c0e7002fe599b6fd7adc68,1,583,18919,2006-09-19,ede4d2a70581e161821e09ec5e71ea50b59b6458bf101e3f1c0d5544f212d367
584,3b44137e527a08fbd0890bd651190346be531d1b6e45198727d87dded685f28f,2,584,68628,2017-07-09,976e54e35991534dd7ab2f3047de3108f0ff3ab4872b5d9004bf9a96c2503783
585,7e5b3ae507d7eadf97f8959e0f25b1d4db0400fd1fe723e7869645490dabfe70,3,585,69710,2022-12-08,309129b1bf9b31038e5d7d250727b3a0fe53202592e8c1cda9a087a3e7e91f28
586,69a6c341c9775ce383ed49d043634824fc2e93bb342d59f5329ec149274ac932,1,586,16958,2018-09-25,53f7e2da4872dcc22c8e6de621cc07ef985bb7897534fa443d4c98b7da402439
587,dc9f6ee956fe1153a6f1ef5d252c186451f0976fcbcb9a2a0c411bcb681400f1,2,587,64661,2019-06-15,5a02928c6e5fd4118e4016206be21952d45b7c37d64675d6a764e8fdea82c4fa
588,0bcaf816a32c2f3955bccdbf146ff741d18b52378f147a5a6952a037c2080929,1,588,83575,2011-01-26,8aa4380f7078c037b96d38440356d6b9c1fe3863d067d735882f3013b8e632bc
589,93341dfc38163326f7fc760256c49ef7931d340c832e0b4fd27b7a44518b46d9,3,589,18483,2020-03-28,6a91389bf293538f8bfd1747ffc38730176f9e72e8ed7004fabc8cd25e69df6b
590,7d31c382bc64b8a9e1b346f61f07f23cca3754dbd9e390e6b2aa0b6826623e54,1,590,42596,2012-04-26,7ba58ee0682f6052b445ac806f21142fa4542b71579f32ee341520f87378191f
591,164420302c9b4bcedd76a107baba11bce6d633736cd3c89fc4b8dae770c1bc2d,2,591,66594,2020-10-31,600f32a40becea7b1233560e112ed19bc922ea4b39add188736e38ad8b921f52
592,920e2ee8043a1c23b587dd007a3ee597996b000de13d5a914064d04c46ccab12,1,592,42680,2018-02-10,e7b9942513a7745419bcd9712bacf68ae0fc2cd2c14b6957fb60ec35d6b02086
593,5f90ca3ad985b1d79176846b7e6c39466cf36a0ff4e1e4eda50f09acdc4e77d0,3,593,3375,2000-04-10,3f9eb849d10083d521abdb950e6ac4084bf4c0dad005cc7dab81a3d0a2499715
594,f24e3b44bf05d732aecbbf321a5a075c64c9dbadf1bfd2364b514ea85e9047a1,3,594,96348,2011-04-13,e0532316a6ff7b46fa1f5e7504d6a4e8b48754f17cee9aa087f3da6ea50f3fd4
595,21c68f654cedeab887ee022fb6323dc2ea9d25ed11241791e056b1479a22b6c5,2,595,68795,2003-08-29,ef7bcb48ad045527992ed1c4b1d49f94db73789f5e177c735dd063ac9f23e4b2
596,a41ab78d0f81a52db84d8c8834f0e7904246c747509e440eb5367d4cf3babf90,1,596,72988,2000-05-22,1e32d86197ba41798e7ffbebd1f404247f3c5500cab870719498715818e68904
597,67c347fe2be3b2c8cf0cb5855ed2523a716cd52898c581d724853b3fef79a3a9,1,597,16168,2008-10-20,7b805c64f6e0e9659d24a19e7312eae3ae2aa2bb6d8f1ea46c84406afd488451
598,b1327822375077540d7eb7b4894137371c06aff28208cddd9bb74af2574b3f28,2,598,85345,2010-11-11,f3df426d299d23379bbb42d8a531cf1df685ad5ba7f9020940079ab89eae3b63
599,16fedc54a7362888d1a7416ae893458b2ad224669f24632c9cbb986362d020d8,2,599,15796,2010-09-12,d9cf8835e2a75f03b59e0371aacb3cdf2b71e0a471dc478742987f366cabeccc
600,c488e187a6a1276e654830bc6b23b7970fffd5371169eef32e14cd3f68fa4d00,3,600,9124,2010-02-16,2a3d253e5273a3e67096224cca77d84c7fc096b0515320989df59d4b177636fe
